Unity Editor version:    6000.6.0f1 (f7f8ed4d1e24)
Branch:                  6000.6/respin/6000.6.0f1-fa21a270ab12
Build type:              Release
Batch mode:              NO
macOS version:           Version 26.7 (Build 25G229)
Darwin version:          25.6.0
Architecture:            arm64
Running under Rosetta:   NO
Available memory:        8192 MB
Date:                    2026-09-16T09:13:38Z
VBCSCompilerPreWarmer: pre-warm launched (dotnet PID 16941)
VBCSCompiler prewarm took 14.95 ms
[Licensing::Module] Trying to connect to existing licensing client channel...
[Licensing::IpcConnector] Successfully connected to: "LicenseClient-wes" at "2026-09-16T09:13:38.648398Z"

COMMAND LINE ARGUMENTS:
/Applications/Unity/Hub/Editor/6000.6.0f1/Unity.app/Contents/MacOS/Unity
-createproject
/Users/wes/UniCore
-cloneFromTemplate
/Applications/Unity/Hub/Editor/6000.6.0f1/Unity.app/Contents/Resources/PackageManager/ProjectTemplates/com.unity.template.urp-blank-17.2.1.tgz
-cloudOrganization
9071262462346
-cloudProject
fe469d13-06e5-4d2e-9585-b6a40f81ea63
-cloudEnvironment
production
-useHub
-hubIPC
-hubSessionId
af66bc30-440e-4bc9-8b8d-5e95700a070a
-accessToken
RI6RCcuiB600zWgxEuuhRENPKbkBzgKHw8zB60KcCvY008f
/Users/wes/UniCore
[UnityMemory] Configuration Parameters - Can be set up in boot.config
    "memorysetup-temp-allocator-size-gi-baking-worker=262144"
    "memorysetup-temp-allocator-size-gi-baking-worker=262144"
    "memorysetup-temp-allocator-size-gi-baking-worker=262144"
    "memorysetup-temp-allocator-size-gi-baking-worker=262144"
    "memorysetup-temp-allocator-size-gi-baking-worker=262144"
    "memorysetup-temp-allocator-size-nav-mesh-worker=65536"
    "memorysetup-temp-allocator-size-audio-worker=65536"
    "memorysetup-temp-allocator-size-cloud-worker=32768"
    "memorysetup-temp-allocator-size-preload-manager=33554432"
    "memorysetup-remapper-allocator-initial-capacity=32768"
    "memorysetup-temp-allocator-size-gfx=262144"
    "memorysetup-allocator-temp-initial-block-size-main=262144"
    "memorysetup-allocator-temp-initial-block-size-worker=262144"
    "memorysetup-temp-allocator-size-background-worker=32768"
    "memorysetup-temp-allocator-size-job-worker=262144"
    "memorysetup-bucket-allocator-granularity=16"
    "memorysetup-bucket-allocator-bucket-count=8"
    "memorysetup-bucket-allocator-block-size=33554432"
    "memorysetup-bucket-allocator-block-count=8"
    "memorysetup-main-allocator-block-size=16777216"
    "memorysetup-thread-allocator-block-size=16777216"
    "memorysetup-main-allocator-mimalloc-enabled=1"
    "memorysetup-gfx-main-allocator-block-size=16777216"
    "memorysetup-gfx-thread-allocator-block-size=16777216"
    "memorysetup-cache-allocator-block-size=4194304"
    "memorysetup-typetree-allocator-block-size=2097152"
    "memorysetup-profiler-bucket-allocator-granularity=16"
    "memorysetup-profiler-bucket-allocator-bucket-count=8"
    "memorysetup-profiler-bucket-allocator-block-size=33554432"
    "memorysetup-profiler-bucket-allocator-block-count=8"
    "memorysetup-profiler-allocator-block-size=16777216"
    "memorysetup-profiler-editor-allocator-block-size=1048576"
    "memorysetup-temp-allocator-size-main=16777216"
    "memorysetup-job-temp-allocator-block-size=2097152"
    "memorysetup-job-temp-allocator-block-size-background=1048576"
    "memorysetup-job-temp-allocator-reduction-small-platforms=262144"
Player connection [8323162560]  Target information:

Player connection [8323162560]  * "[IP] 192.168.1.23 [Port] 55504 [Flags] 2 [Guid] 1027881427 [EditorId] 1027881427 [Version] 1048832 [Id] OSXEditor(0,device-65.home) [Debug] 1 [PackageName] OSXEditor [ProjectName] Editor" 

Player connection [8323162560] Host joined multi-casting on [225.0.0.222:54997]...
Player connection [8323162560] Host joined alternative multi-casting on [225.0.0.222:34997]...
Input System module state changed to: Initialized.
[Physics::Module] Initialized fallback backend.
[Physics::Module] Id: 0xdecafbad
[Licensing::Client] Handshaking with LicensingClient:
  Version:                 1.18.3+d7ffd15
  Session Id:              fce7a86ada93422f863992cd1a50fa34
  Correlation Id:          4762f4a7efe5206820de507700a08f66
  External correlation Id: 5242353405670062875
  Machine Id:              XzqpBHmghU8+BfFeP4uGsN7hhSw=
[Licensing::Module] Successfully connected to LicensingClient on channel: "LicenseClient-wes" (connect: 0.00s, validation: 0.00s, handshake: 0.54s)
[Licensing::IpcConnector] Successfully connected to: "LicenseClient-wes-notifications" at "2026-09-16T09:13:39.188675Z"
[Licensing::Client] Successfully updated the access token
[Licensing::Module] Successfully updated the access token RI6RCcuiB6...
[Licensing::Client] Successfully resolved entitlement details
[Licensing::Module] License group:
  Id: 9071262462341-UnityPersXXXX
  Product: Unity Personal
  Type: Assigned
  Expiration: Unlimited
[Licensing::Client] Successfully updated license, isAsync: True, time: 0.00
[Licensing::Client] Successfully resolved entitlement details
[Licensing::Module] Licensing Background thread has ended after 0.55s
Initialising UDS system complete:
  - System type: Client
  - Resource namespace: 1126761a01661823f4ca02b9d0316631
  - Shared memory size: 1073741824
  - Command buffer id: 1052672
  - Command buffer size: 8192
  - Hashmap size: 4194304
  - Service connected: false
[Package Manager] Connected to IPC stream "Upm-16940" after 0.0 seconds.
[Licensing::Client] Successfully resolved entitlement details
Library Redirect Path: Library/
Launching Unity Data Store - /Applications/Unity/Hub/Editor/6000.6.0f1/Unity.app/Contents/Helpers/Unity.DataStore 
Unity Data Store artifact dir = Library/DataStore, working dir = /Users/wes/UniCore[Physics::Module] Selected backend.
[Physics::Module] Name: PhysX
[Physics::Module] Id: 0xf2b8ea05
[Physics::Module] SDK Version: 4.1.2
[Physics::Module] Integration Version: 1.0.0
[Physics::Module] Threading Mode: Multi-Threaded
Unity Data Store running and initialised
Initialize engine version: 6000.6.0f1 (f7f8ed4d1e24)
[EntityIdStore] init: VM path (explicit commit), pageSize=16384, blockCount=262144, entitiesPerBlock=1024, slots reserved=4294967296 bytes
[Subsystems] Discovering subsystems at path /Applications/Unity/Hub/Editor/6000.6.0f1/Unity.app/Contents/Resources/UnitySubsystems
[Subsystems] Discovering subsystems at path /Users/wes/UniCore/Assets
GfxDevice: creating device client; kGfxThreadingModeThreaded
 preferred device: Apple M1 (high power)
Metal devices available: 1
0: Apple M1 (high power)
Using device Apple M1 (high power)
Initializing Metal device caps: Apple M1
Mac GPU Family: 2
Apple GPU Family: 7
MSL Version: 3.0
Has Float MSAA: 1
Has Float Filtering: 1
ReadWrite Texture Tier: 2
Initialize mono
Mono path[0] = '/Applications/Unity/Hub/Editor/6000.6.0f1/Unity.app/Contents/Resources/Scripting/Managed'
Mono path[1] = '/Applications/Unity/Hub/Editor/6000.6.0f1/Unity.app/Contents/Resources/Scripting/BCLExtensions/runtime/netstandard2.1'
Mono path[2] = '/Applications/Unity/Hub/Editor/6000.6.0f1/Unity.app/Contents/Resources/Scripting/MonoBleedingEdge/lib/mono/unityjit-macos'
Mono config path = '/Applications/Unity/Hub/Editor/6000.6.0f1/Unity.app/Contents/Resources/Scripting/MonoBleedingEdge/etc'
Using monoOptions --debugger-agent=transport=dt_socket,embedding=1,server=y,suspend=n,address=127.0.0.1:56940
CodeReloadManager initialized
ImportWorker Server TCP listen port: 0
AcceleratorClientConnectionCallback - disconnected - :0
Begin MonoManager ReloadAssembly
Registering precompiled unity dll's ...
Register platform support module: /Applications/Unity/Hub/Editor/6000.6.0f1/PlaybackEngines/WebGLSupport/UnityEditor.WebGL.Extensions.dll
Register platform support module: /Applications/Unity/Hub/Editor/6000.6.0f1/PlaybackEngines/MacStandaloneSupport/UnityEditor.OSXStandalone.Extensions.dll
Registered in 0.001563 seconds.
Native extension for OSXStandalone target not found
Native extension for WebGL target not found
Package Manager log level set to [2]
ScheduleIndexationOnStartup MainProcess:False IndexOnStartup:False
Scripting: successfully reloaded assembly
- Finished resetting the current domain, in  0.955 seconds
Domain Reload Profiling: 1361ms
	BeginReloadAssembly (98ms)
		CreateAndSetChildDomain (3ms)
	RebuildCommonClasses (4ms)
	RebuildNativeTypeToScriptingClass (18ms)
	initialDomainReloadingComplete (44ms)
	LoadAllAssembliesAndSetupDomain (241ms)
		LoadAssemblies (96ms)
		TypeCache.Refresh (170ms)
			TypeCache.ScanAssembly (155ms)
		AnalyzeDomain (1ms)
	FinalizeReload (956ms)
		SetupLoadedEditorAssemblies (0ms)
			BeforeProcessingInitializeOnLoad (74ms)
			ProcessInitializeOnLoadAttributes (70ms)
			ProcessInitializeOnLoadMethodAttributes (662ms)
[Licensing::Client] Successfully resolved entitlement details
Application.AssetDatabase Initial Refresh Start
[Package Manager] Done resolving packages in 7.18 seconds
[Licensing::Client] Successfully resolved entitlement details
[Package Manager] Lock file was modified
[Package Manager] Registered 61 packages:
  Packages from [https://packages.unity.com]:
    com.unity.ai.navigation@2.0.14 (location: /Users/wes/UniCore/Library/PackageCache/com.unity.ai.navigation@134dd6a3b97b)
    com.unity.collab-proxy@2.13.6 (location: /Users/wes/UniCore/Library/PackageCache/com.unity.collab-proxy@4628d2ba6ea4)
    com.unity.ide.rider@3.0.38 (location: /Users/wes/UniCore/Library/PackageCache/com.unity.ide.rider@1f60b3138684)
    com.unity.ide.visualstudio@2.0.26 (location: /Users/wes/UniCore/Library/PackageCache/com.unity.ide.visualstudio@a99d56dec63f)
    com.unity.inputsystem@1.20.0 (location: /Users/wes/UniCore/Library/PackageCache/com.unity.inputsystem@7a4e1a2a8194)
    com.unity.pipeline@0.7.0-exp.1 (location: /Users/wes/UniCore/Library/PackageCache/com.unity.pipeline@ab05e9cd7f74)
    com.unity.visualscripting@1.9.12 (location: /Users/wes/UniCore/Library/PackageCache/com.unity.visualscripting@4edfcc09512f)
    com.unity.nuget.mono-cecil@1.11.6 (location: /Users/wes/UniCore/Library/PackageCache/com.unity.nuget.mono-cecil@ecb9724e46ff)
    com.unity.nuget.newtonsoft-json@3.2.2 (location: /Users/wes/UniCore/Library/PackageCache/com.unity.nuget.newtonsoft-json@4dfd81071c64)
    com.unity.searcher@4.9.5 (location: /Users/wes/UniCore/Library/PackageCache/com.unity.searcher@a463122f2c00)
    com.unity.profiling.core@1.0.3 (location: /Users/wes/UniCore/Library/PackageCache/com.unity.profiling.core@8a49f7027d06)
  Built-in packages:
    com.unity.render-pipelines.universal@17.6.0 (location: /Users/wes/UniCore/Library/PackageCache/com.unity.render-pipelines.universal@8457e85b8184)
    com.unity.test-framework@1.8.0 (location: /Users/wes/UniCore/Library/PackageCache/com.unity.test-framework@7a3849e09bd0)
    com.unity.timeline@6.6.0 (location: /Users/wes/UniCore/Library/PackageCache/com.unity.timeline@281d5f7e7d7d)
    com.unity.ugui@2.6.0 (location: /Users/wes/UniCore/Library/PackageCache/com.unity.ugui@23caec89ae27)
    com.unity.modules.accessibility@1.0.0 (location: /Users/wes/UniCore/Library/PackageCache/com.unity.modules.accessibility)
    com.unity.modules.adaptiveperformance@1.0.0 (location: /Users/wes/UniCore/Library/PackageCache/com.unity.modules.adaptiveperformance)
    com.unity.modules.ai@1.0.0 (location: /Users/wes/UniCore/Library/PackageCache/com.unity.modules.ai)
    com.unity.modules.androidjni@1.0.0 (location: /Users/wes/UniCore/Library/PackageCache/com.unity.modules.androidjni)
    com.unity.modules.animation@1.0.0 (location: /Users/wes/UniCore/Library/PackageCache/com.unity.modules.animation)
    com.unity.modules.assetbundle@1.0.0 (location: /Users/wes/UniCore/Library/PackageCache/com.unity.modules.assetbundle)
    com.unity.modules.audio@1.0.0 (location: /Users/wes/UniCore/Library/PackageCache/com.unity.modules.audio)
    com.unity.modules.cloth@1.0.0 (location: /Users/wes/UniCore/Library/PackageCache/com.unity.modules.cloth)
    com.unity.modules.director@1.0.0 (location: /Users/wes/UniCore/Library/PackageCache/com.unity.modules.director)
    com.unity.modules.imageconversion@1.0.0 (location: /Users/wes/UniCore/Library/PackageCache/com.unity.modules.imageconversion)
    com.unity.modules.imgui@1.0.0 (location: /Users/wes/UniCore/Library/PackageCache/com.unity.modules.imgui)
    com.unity.modules.jsonserialize@1.0.0 (location: /Users/wes/UniCore/Library/PackageCache/com.unity.modules.jsonserialize)
    com.unity.modules.particlesystem@1.0.0 (location: /Users/wes/UniCore/Library/PackageCache/com.unity.modules.particlesystem)
    com.unity.modules.physics@1.0.0 (location: /Users/wes/UniCore/Library/PackageCache/com.unity.modules.physics)
    com.unity.modules.physics2d@1.0.0 (location: /Users/wes/UniCore/Library/PackageCache/com.unity.modules.physics2d)
    com.unity.modules.physicscore2d@1.0.0 (location: /Users/wes/UniCore/Library/PackageCache/com.unity.modules.physicscore2d)
    com.unity.modules.screencapture@1.0.0 (location: /Users/wes/UniCore/Library/PackageCache/com.unity.modules.screencapture)
    com.unity.modules.terrain@1.0.0 (location: /Users/wes/UniCore/Library/PackageCache/com.unity.modules.terrain)
    com.unity.modules.terrainphysics@1.0.0 (location: /Users/wes/UniCore/Library/PackageCache/com.unity.modules.terrainphysics)
    com.unity.modules.tetgen@1.0.0 (location: /Users/wes/UniCore/Library/PackageCache/com.unity.modules.tetgen)
    com.unity.modules.tilemap@1.0.0 (location: /Users/wes/UniCore/Library/PackageCache/com.unity.modules.tilemap)
    com.unity.modules.timelinefoundation@1.0.0 (location: /Users/wes/UniCore/Library/PackageCache/com.unity.modules.timelinefoundation)
    com.unity.modules.ui@1.0.0 (location: /Users/wes/UniCore/Library/PackageCache/com.unity.modules.ui)
    com.unity.modules.uielements@1.0.0 (location: /Users/wes/UniCore/Library/PackageCache/com.unity.modules.uielements)
    com.unity.modules.umbra@1.0.0 (location: /Users/wes/UniCore/Library/PackageCache/com.unity.modules.umbra)
    com.unity.modules.unityanalytics@1.0.0 (location: /Users/wes/UniCore/Library/PackageCache/com.unity.modules.unityanalytics)
    com.unity.modules.unitywebrequest@1.0.0 (location: /Users/wes/UniCore/Library/PackageCache/com.unity.modules.unitywebrequest)
    com.unity.modules.unitywebrequestassetbundle@1.0.0 (location: /Users/wes/UniCore/Library/PackageCache/com.unity.modules.unitywebrequestassetbundle)
    com.unity.modules.unitywebrequestaudio@1.0.0 (location: /Users/wes/UniCore/Library/PackageCache/com.unity.modules.unitywebrequestaudio)
    com.unity.modules.unitywebrequesttexture@1.0.0 (location: /Users/wes/UniCore/Library/PackageCache/com.unity.modules.unitywebrequesttexture)
    com.unity.modules.unitywebrequestwww@1.0.0 (location: /Users/wes/UniCore/Library/PackageCache/com.unity.modules.unitywebrequestwww)
    com.unity.modules.vectorgraphics@1.0.0 (location: /Users/wes/UniCore/Library/PackageCache/com.unity.modules.vectorgraphics)
    com.unity.modules.vehicles@1.0.0 (location: /Users/wes/UniCore/Library/PackageCache/com.unity.modules.vehicles)
    com.unity.modules.video@1.0.0 (location: /Users/wes/UniCore/Library/PackageCache/com.unity.modules.video)
    com.unity.modules.wind@1.0.0 (location: /Users/wes/UniCore/Library/PackageCache/com.unity.modules.wind)
    com.unity.modules.xr@1.0.0 (location: /Users/wes/UniCore/Library/PackageCache/com.unity.modules.xr)
    com.unity.modules.subsystems@1.0.0 (location: /Users/wes/UniCore/Library/PackageCache/com.unity.modules.subsystems)
    com.unity.modules.hierarchycore@1.0.0 (location: /Users/wes/UniCore/Library/PackageCache/com.unity.modules.hierarchycore)
    com.unity.ext.nunit@2.1.0 (location: /Users/wes/UniCore/Library/PackageCache/com.unity.ext.nunit@0198eae3b53e)
    com.unity.render-pipelines.core@17.6.0 (location: /Users/wes/UniCore/Library/PackageCache/com.unity.render-pipelines.core@2d66c71e606e)
    com.unity.shadergraph@17.6.0 (location: /Users/wes/UniCore/Library/PackageCache/com.unity.shadergraph@ef6135652377)
    com.unity.render-pipelines.universal-config@17.6.0 (location: /Users/wes/UniCore/Library/PackageCache/com.unity.render-pipelines.universal-config@561422b74439)
    com.unity.graph-authoring@1.0.0 (location: /Users/wes/UniCore/Library/PackageCache/com.unity.graph-authoring@cfd2588851ee)
    com.unity.burst@2.0.0 (location: /Users/wes/UniCore/Library/PackageCache/com.unity.burst@626e66ab421b)
    com.unity.collections@6.6.0 (location: /Users/wes/UniCore/Library/PackageCache/com.unity.collections@10fff0607388)
    com.unity.test-framework.performance@6.6.0 (location: /Users/wes/UniCore/Library/PackageCache/com.unity.test-framework.performance@0a60b857a52e)
[Subsystems] No new subsystems found in resolved package list.
[Package Manager] Done registering packages in 0.00 seconds
AcceleratorClientConnectionCallback - disconnected - :0
[API Updater] Processing imported assemblies took 85 ms (0/0 assembly(ies)).
Assembly Updater Post Process Assets time: 0.086458s
[ScriptCompilation] Requested script compilation because: Assembly Definition File(s) changed
[ScriptCompilation] Requested script compilation because: AssetDatabase observed changes in script compilation related files
Starting: /Applications/Unity/Hub/Editor/6000.6.0f1/Unity.app/Contents/Resources/BuildPipeline/bee_backend --ipc --defer-dag-verification --dagfile="Library/Bee/200b0aE.dag" --continue-on-failure --profile="Library/Bee/backend1.traceevents" ScriptAssemblies
WorkingDir: /Users/wes/UniCore
ExitCode: 4 Duration: 0s22ms
[             ] Require frontend run.  Library/Bee/200b0aE.dag couldn't be loaded
Starting: /Applications/Unity/Hub/Editor/6000.6.0f1/Unity.app/Contents/Resources/Scripting/DotNetSdk/dotnet "/Applications/Unity/Hub/Editor/6000.6.0f1/Unity.app/Contents/Resources/BuildPipeline/ScriptCompilationBuildProgram.exe" "Library/Bee/200b0aE.dag.json" "Library/Bee/200b0aE-inputdata.json" "Library/Bee/buildprogram0.traceevents"
WorkingDir: /Users/wes/UniCore
ExitCode: 0 Duration: 1s315ms
Starting: /Applications/Unity/Hub/Editor/6000.6.0f1/Unity.app/Contents/Resources/BuildPipeline/bee_backend --ipc --defer-dag-verification --dagfile="Library/Bee/200b0aE.dag" --continue-on-failure --dagfilejson="Library/Bee/200b0aE.dag.json" --profile="Library/Bee/backend2.traceevents" ScriptAssemblies
WorkingDir: /Users/wes/UniCore
warn: Unity.ILPP.Runner.PostProcessingAssemblyLoadContext[0]
      Assembly system.runtime.interopservices.windowsruntime has duplicate hint path. Ignoring "/Applications/Unity/Hub/Editor/6000.6.0f1/Unity.app/Contents/Resources/Scripting/NetStandard/Extensions/2.0.0/System.Runtime.InteropServices.WindowsRuntime.dll" in favor of "/Applications/Unity/Hub/Editor/6000.6.0f1/Unity.app/Contents/Resources/Scripting/UnityReferenceAssemblies/unity-4.8-api/Facades/System.Runtime.InteropServices.WindowsRuntime.dll"
warn: Unity.ILPP.Runner.PostProcessingAssemblyLoadContext[0]
      Assembly system.componentmodel.composition has duplicate hint path. Ignoring "/Applications/Unity/Hub/Editor/6000.6.0f1/Unity.app/Contents/Resources/Scripting/NetStandard/compat/2.1.0/shims/netfx/System.ComponentModel.Composition.dll" in favor of "/Applications/Unity/Hub/Editor/6000.6.0f1/Unity.app/Contents/Resources/Scripting/UnityReferenceAssemblies/unity-4.8-api/System.ComponentModel.Composition.dll"
ExitCode: 0 Duration: 16s
Finished compiling graph: 955 nodes, 20382 flattened edges (17272 ToBuild, 158 ToUse), maximum node priority 1059
[  1/952    0s] WriteText Library/Bee/artifacts/200b0aE.dag/UnityEngine.TestRunner.rsp2
[  2/952    0s] WriteText Library/Bee/artifacts/200b0aE.dag/UnityEngine.TestRunner.UnityAdditionalFile.txt
[  3/952    0s] MovedFromExtractor Library/Bee/artifacts/mvdfrm/UnityEditor.BuildAnalysisModule.dll_57CDF90F2AF975B7.mvfrm
[  4/952    0s] MovedFromExtractor Library/Bee/artifacts/mvdfrm/UnityEditor.AccessibilityModule.dll_FF84BB8C891F6D9B.mvfrm
[  5/952    0s] MovedFromExtractor Library/Bee/artifacts/mvdfrm/UnityEditor.AdaptivePerformanceModule.dll_C0D4E3D806A48487.mvfrm
[  6/952    0s] MovedFromExtractor Library/Bee/artifacts/mvdfrm/UnityEditor.AnimationWindowModule.dll_4EED68BA2D2EE331.mvfrm
[  7/952    0s] MovedFromExtractor Library/Bee/artifacts/mvdfrm/UnityEditor.AssetComplianceModule.dll_EC6484D0725CD6A8.mvfrm
[  8/952    0s] MovedFromExtractor Library/Bee/artifacts/mvdfrm/UnityEditor.BuildProfileModule.dll_F6C34B7224015AC2.mvfrm
[  9/952    0s] MovedFromExtractor Library/Bee/artifacts/mvdfrm/UnityEditor.AIModule.dll_D5BA3FEBBABCCFEF.mvfrm
[ 10/952    0s] MovedFromExtractor Library/Bee/artifacts/mvdfrm/UnityEditor.iOS.Extensions.Xcode.dll_6E37C3EA5B319D9A.mvfrm
[ 11/952    0s] MovedFromExtractor Library/Bee/artifacts/mvdfrm/UnityEditor.CoreBusinessMetricsModule.dll_40BFDD522CEBB381.mvfrm
[ 12/952    0s] MovedFromExtractor Library/Bee/artifacts/mvdfrm/UnityEditor.ClothModule.dll_BF737FBDE4546517.mvfrm
[ 13/952    0s] MovedFromExtractor Library/Bee/artifacts/mvdfrm/UnityEditor.BurstModule.dll_C183141B318D9E1D.mvfrm
[ 14/952    0s] MovedFromExtractor Library/Bee/artifacts/mvdfrm/UnityEditor.ContentLoadModule.dll_B138EB0CADC9D6BC.mvfrm
[ 15/952    0s] MovedFromExtractor Library/Bee/artifacts/mvdfrm/UnityEditor.DeviceSimulatorModule.dll_B38974E1F7A0F27B.mvfrm
[ 16/952    0s] MovedFromExtractor Library/Bee/artifacts/mvdfrm/UnityEditor.EditorToolbarModule.dll_3580D15F02B51EEB.mvfrm
[ 17/952    0s] MovedFromExtractor Library/Bee/artifacts/mvdfrm/UnityEditor.CoreModule.dll_0E699ABF87977E26.mvfrm
[ 18/952    0s] MovedFromExtractor Library/Bee/artifacts/mvdfrm/UnityEditor.DiagnosticsModule.dll_4EEFAD5C36438E09.mvfrm
[ 19/952    0s] MovedFromExtractor Library/Bee/artifacts/mvdfrm/UnityEditor.EmbreeModule.dll_5E9CE1187EE5C72F.mvfrm
[ 20/952    0s] MovedFromExtractor Library/Bee/artifacts/mvdfrm/UnityEditor.GIModule.dll_6DF688F9566BB809.mvfrm
[ 21/952    0s] MovedFromExtractor Library/Bee/artifacts/mvdfrm/UnityEditor.GraphViewModule.dll_B906C4462115CAC0.mvfrm
[ 22/952    0s] MovedFromExtractor Library/Bee/artifacts/mvdfrm/UnityEditor.GenericRemoteModule.dll_95861167EAC3969A.mvfrm
[ 23/952    0s] MovedFromExtractor Library/Bee/artifacts/mvdfrm/UnityEditor.GraphicsStateCollectionSerializerModule.dll_0026D0F1B993D983.mvfrm
[ 24/952    0s] MovedFromExtractor Library/Bee/artifacts/mvdfrm/UnityEditor.GridAndSnapModule.dll_58A893DDB9A84AF8.mvfrm
[ 25/952    0s] MovedFromExtractor Library/Bee/artifacts/mvdfrm/UnityEditor.GraphToolkitModule.dll_12A0301D14B08947.mvfrm
[ 26/952    0s] MovedFromExtractor Library/Bee/artifacts/mvdfrm/UnityEditor.GridModule.dll_EBDAB6AD9FEC141D.mvfrm
[ 27/952    0s] MovedFromExtractor Library/Bee/artifacts/mvdfrm/UnityEditor.HierarchyModule.dll_A67ACB21DEF50982.mvfrm
[ 28/952    0s] MovedFromExtractor Library/Bee/artifacts/mvdfrm/UnityEditor.MathematicsModule.dll_3D373FA553BF2603.mvfrm
[ 29/952    0s] MovedFromExtractor Library/Bee/artifacts/mvdfrm/UnityEditor.LightingModule.dll_A4F91948A74D7553.mvfrm
[ 30/952    0s] MovedFromExtractor Library/Bee/artifacts/mvdfrm/UnityEditor.MediaModule.dll_244B3C5488840EC1.mvfrm
[ 31/952    0s] MovedFromExtractor Library/Bee/artifacts/mvdfrm/UnityEditor.MultiplayerModule.dll_97CAAE58980EBC47.mvfrm
[ 32/952    0s] MovedFromExtractor Library/Bee/artifacts/mvdfrm/UnityEngine.TilemapModule.dll_1E5DA239108956A0.mvfrm
[ 33/952    0s] MovedFromExtractor Library/Bee/artifacts/mvdfrm/UnityEngine.TimelineFoundationModule.dll_AC097FA99E2D90E6.mvfrm
[ 34/952    0s] MovedFromExtractor Library/Bee/artifacts/mvdfrm/UnityEditor.Physics2DModule.dll_1E4C3F76B6EFE516.mvfrm
[ 35/952    0s] MovedFromExtractor Library/Bee/artifacts/mvdfrm/UnityEngine.UIModule.dll_0F9C6FA882810966.mvfrm
[ 36/952    0s] MovedFromExtractor Library/Bee/artifacts/mvdfrm/UnityEngine.U2DRuntimeModule.dll_68E9225793448B03.mvfrm
[ 37/952    0s] MovedFromExtractor Library/Bee/artifacts/mvdfrm/UnityEngine.UnityAnalyticsCommonModule.dll_9D56D5BDF9C8AD6E.mvfrm
[ 38/952    0s] MovedFromExtractor Library/Bee/artifacts/mvdfrm/UnityEngine.UmbraModule.dll_998C8B3FC8DB624B.mvfrm
[ 39/952    0s] MovedFromExtractor Library/Bee/artifacts/mvdfrm/UnityEngine.UIElementsModule.dll_9C4B32F8C61550ED.mvfrm
[ 40/952    0s] MovedFromExtractor Library/Bee/artifacts/mvdfrm/UnityEditor.PhysicsCore2DModule.dll_ED489337E7C46285.mvfrm
[ 41/952    0s] MovedFromExtractor Library/Bee/artifacts/mvdfrm/UnityEngine.UnityAnalyticsModule.dll_D86D51431274D713.mvfrm
[ 42/952    0s] MovedFromExtractor Library/Bee/artifacts/mvdfrm/UnityEditor.PlayModeModule.dll_F0E59385F32ABB8E.mvfrm
[ 43/952    0s] MovedFromExtractor Library/Bee/artifacts/mvdfrm/UnityEditor.PhysicsModule.dll_72A0069EBDFF4564.mvfrm
[ 44/952    0s] MovedFromExtractor Library/Bee/artifacts/mvdfrm/UnityEditor.PresetsUIModule.dll_746CFD28236E22C5.mvfrm
[ 45/952    0s] MovedFromExtractor Library/Bee/artifacts/mvdfrm/UnityEditor.ProjectAuditorModule.dll_485E29439EF9B66C.mvfrm
[ 46/952    0s] MovedFromExtractor Library/Bee/artifacts/mvdfrm/UnityEditor.PropertiesModule.dll_70BFCA9543D8E25A.mvfrm
[ 47/952    0s] MovedFromExtractor Library/Bee/artifacts/mvdfrm/UnityEditor.QuickInstallModule.dll_D5A299B16587C8F5.mvfrm
[ 48/952    0s] MovedFromExtractor Library/Bee/artifacts/mvdfrm/UnityEditor.SafeModeModule.dll_AAF1A1CC5461AC27.mvfrm
[ 49/952    0s] MovedFromExtractor Library/Bee/artifacts/mvdfrm/UnityEditor.QuickSearchModule.dll_D9FF2E698F1A8A62.mvfrm
[ 50/952    0s] MovedFromExtractor Library/Bee/artifacts/mvdfrm/UnityEditor.SceneViewModule.dll_F7B6A74E163897CE.mvfrm
[ 51/952    0s] MovedFromExtractor Library/Bee/artifacts/mvdfrm/UnityEditor.SceneTemplateModule.dll_5920421D01A1C923.mvfrm
[ 52/952    0s] MovedFromExtractor Library/Bee/artifacts/mvdfrm/UnityEditor.ShaderCompilationModule.dll_C26168B9A9E0EEBB.mvfrm
[ 53/952    0s] MovedFromExtractor Library/Bee/artifacts/mvdfrm/UnityEditor.ShaderBuildSettingsModule.dll_C8FB2A80D9A3B5C9.mvfrm
[ 54/952    0s] MovedFromExtractor Library/Bee/artifacts/mvdfrm/UnityEditor.ShaderFoundryModule.dll_98001260245145B1.mvfrm
[ 55/952    0s] MovedFromExtractor Library/Bee/artifacts/mvdfrm/UnityEditor.ShaderPreprocessorModule.dll_4E498EECEF063F7B.mvfrm
[ 56/952    0s] MovedFromExtractor Library/Bee/artifacts/mvdfrm/UnityEditor.SketchUpModule.dll_9306871C9F93483E.mvfrm
[ 57/952    0s] MovedFromExtractor Library/Bee/artifacts/mvdfrm/UnityEditor.SubstanceModule.dll_62E6511FB0CDA2CD.mvfrm
[ 58/952    0s] MovedFromExtractor Library/Bee/artifacts/mvdfrm/UnityEditor.SpriteShapeModule.dll_3183BF2694E966D9.mvfrm
[ 59/952    0s] MovedFromExtractor Library/Bee/artifacts/mvdfrm/UnityEditor.SyntaxTreeModule.dll_E8EDC4291CA8FDA8.mvfrm
[ 60/952    0s] MovedFromExtractor Library/Bee/artifacts/mvdfrm/UnityEditor.SpriteMaskModule.dll_2CB0FDE6F25D1398.mvfrm
[ 61/952    0s] MovedFromExtractor Library/Bee/artifacts/mvdfrm/UnityEditor.TerrainModule.dll_8CE6820D93BD8E52.mvfrm
[ 62/952    0s] MovedFromExtractor Library/Bee/artifacts/mvdfrm/UnityEditor.TextCoreFontEngineModule.dll_2B648549F0DD6CE4.mvfrm
[ 63/952    0s] MovedFromExtractor Library/Bee/artifacts/mvdfrm/UnityEditor.TextCoreTextEngineModule.dll_734CBBBB80612602.mvfrm
[ 64/952    0s] MovedFromExtractor Library/Bee/artifacts/mvdfrm/UnityEditor.TextRenderingModule.dll_A2C3645853FE7A7C.mvfrm
[ 65/952    0s] MovedFromExtractor Library/Bee/artifacts/mvdfrm/UnityEditor.TilemapModule.dll_2BE2E98EAB7A6F5B.mvfrm
[ 66/952    0s] MovedFromExtractor Library/Bee/artifacts/mvdfrm/UnityEditor.U2DModule.dll_CD9951C4B52D6704.mvfrm
[ 67/952    0s] MovedFromExtractor Library/Bee/artifacts/mvdfrm/UnityEditor.TreeModule.dll_6C158FCE0F5D1365.mvfrm
[ 68/952    0s] MovedFromExtractor Library/Bee/artifacts/mvdfrm/UnityEditor.TimelineFoundationModule.dll_2DAA04568B2FD21B.mvfrm
[ 69/952    0s] MovedFromExtractor Library/Bee/artifacts/mvdfrm/UnityEditor.UIAutomationModule.dll_A7643A62C0752382.mvfrm
[ 70/952    0s] MovedFromExtractor Library/Bee/artifacts/mvdfrm/UnityEditor.UIBuilderModule.dll_0D8F716293CE43F4.mvfrm
[ 71/952    0s] MovedFromExtractor Library/Bee/artifacts/mvdfrm/UnityEditor.UIElementsModule.dll_9B9CC5B0C3D137A2.mvfrm
[ 72/952    0s] MovedFromExtractor Library/Bee/artifacts/mvdfrm/UnityEditor.UIElementsSamplesModule.dll_B6930641C6DCF9EB.mvfrm
[ 73/952    0s] MovedFromExtractor Library/Bee/artifacts/mvdfrm/UnityEditor.VectorGraphicsModule.dll_94F0B512DC676755.mvfrm
[ 74/952    0s] MovedFromExtractor Library/Bee/artifacts/mvdfrm/UnityEditor.UmbraModule.dll_D35FCEDB975E31A6.mvfrm
[ 75/952    0s] MovedFromExtractor Library/Bee/artifacts/mvdfrm/UnityEditor.UnityConnectModule.dll_F1FD58E848E53FDC.mvfrm
[ 76/952    0s] MovedFromExtractor Library/Bee/artifacts/mvdfrm/UnityEditor.UIToolkitAuthoringModule.dll_5EBB19D70F63F0A4.mvfrm
[ 77/952    0s] MovedFromExtractor Library/Bee/artifacts/mvdfrm/UnityEditor.VFXModule.dll_A1C0A6E17F9106A5.mvfrm
[ 78/952    0s] MovedFromExtractor Library/Bee/artifacts/mvdfrm/UnityEditor.XRModule.dll_56BEC7A341F8A871.mvfrm
[ 79/952    0s] MovedFromExtractor Library/Bee/artifacts/mvdfrm/UnityEditor.VideoModule.dll_7D94A72DCCC9A1D8.mvfrm
[ 80/952    0s] MovedFromExtractor Library/Bee/artifacts/mvdfrm/UnityEngine.ARModule.dll_CD9B967E83576283.mvfrm
[ 81/952    0s] MovedFromExtractor Library/Bee/artifacts/mvdfrm/UnityEditor.dll_D74053BD15B0928F.mvfrm
[ 82/952    0s] MovedFromExtractor Library/Bee/artifacts/mvdfrm/UnityEngine.AccessibilityModule.dll_8BC5ADB40217F0C0.mvfrm
[ 83/952    0s] MovedFromExtractor Library/Bee/artifacts/mvdfrm/UnityEngine.AIModule.dll_1428D17B263A03BA.mvfrm
[ 84/952    0s] MovedFromExtractor Library/Bee/artifacts/mvdfrm/UnityEngine.AdaptivePerformanceModule.dll_8164788E41E9D78C.mvfrm
[ 85/952    0s] MovedFromExtractor Library/Bee/artifacts/mvdfrm/UnityEngine.AndroidJNIModule.dll_19E5AE840CF0A678.mvfrm
[ 86/952    0s] MovedFromExtractor Library/Bee/artifacts/mvdfrm/UnityEngine.AssetBundleModule.dll_1DE8615AF1813F54.mvfrm
[ 87/952    0s] MovedFromExtractor Library/Bee/artifacts/mvdfrm/UnityEngine.AnimationModule.dll_878C406EFB729F66.mvfrm
[ 88/952    0s] MovedFromExtractor Library/Bee/artifacts/mvdfrm/UnityEngine.AudioModule.dll_1EB7DF273BB4B6D8.mvfrm
[ 89/952    0s] MovedFromExtractor Library/Bee/artifacts/mvdfrm/UnityEngine.ClothModule.dll_85A03C2215D195BC.mvfrm
[ 90/952    0s] MovedFromExtractor Library/Bee/artifacts/mvdfrm/UnityEngine.ClusterInputModule.dll_7199CDFDFA6D12A2.mvfrm
[ 91/952    0s] MovedFromExtractor Library/Bee/artifacts/mvdfrm/UnityEngine.BurstModule.dll_87AFD07F630ACEC2.mvfrm
[ 92/952    0s] MovedFromExtractor Library/Bee/artifacts/mvdfrm/UnityEngine.ContentLoadModule.dll_B6FEBA9BC003E741.mvfrm
[ 93/952    0s] MovedFromExtractor Library/Bee/artifacts/mvdfrm/UnityEngine.ClusterRendererModule.dll_B9363753675BFFFF.mvfrm
[ 94/952    0s] MovedFromExtractor Library/Bee/artifacts/mvdfrm/UnityEngine.CrashReportingModule.dll_65BB972CF83BF989.mvfrm
[ 95/952    0s] MovedFromExtractor Library/Bee/artifacts/mvdfrm/UnityEngine.CoreModule.dll_318A6E122F9CE951.mvfrm
[ 96/952    0s] MovedFromExtractor Library/Bee/artifacts/mvdfrm/UnityEngine.DSPGraphModule.dll_AB59C5B64A8D54CF.mvfrm
[ 97/952    0s] MovedFromExtractor Library/Bee/artifacts/mvdfrm/UnityEngine.DirectorModule.dll_A608644CD82C83AE.mvfrm
[ 98/952    0s] MovedFromExtractor Library/Bee/artifacts/mvdfrm/UnityEngine.GIModule.dll_AC651A88C1E8EBD4.mvfrm
[ 99/952    0s] MovedFromExtractor Library/Bee/artifacts/mvdfrm/UnityEngine.GridModule.dll_0EFB8A0047F17F48.mvfrm
[100/952    0s] MovedFromExtractor Library/Bee/artifacts/mvdfrm/UnityEngine.HotReloadModule.dll_08D4FE74D6A5BAE8.mvfrm
[101/952    0s] MovedFromExtractor Library/Bee/artifacts/mvdfrm/UnityEngine.GraphicsStateCollectionSerializerModule.dll_091A9DE1869322E8.mvfrm
[102/952    0s] MovedFromExtractor Library/Bee/artifacts/mvdfrm/UnityEngine.HierarchyCoreModule.dll_02E04A8E70C549B6.mvfrm
[103/952    0s] MovedFromExtractor Library/Bee/artifacts/mvdfrm/UnityEngine.GameCenterModule.dll_4432F89ED3319769.mvfrm
[104/952    0s] MovedFromExtractor Library/Bee/artifacts/mvdfrm/UnityEngine.IMGUIModule.dll_57177E8E01E64AB9.mvfrm
[105/952    0s] MovedFromExtractor Library/Bee/artifacts/mvdfrm/UnityEngine.IdentifiersModule.dll_F671E950B3FA0D6C.mvfrm
[106/952    0s] MovedFromExtractor Library/Bee/artifacts/mvdfrm/UnityEngine.ImageConversionModule.dll_25283503E980B7F3.mvfrm
[107/952    0s] MovedFromExtractor Library/Bee/artifacts/mvdfrm/UnityEngine.InputForUIModule.dll_46E552B833523425.mvfrm
[108/952    0s] MovedFromExtractor Library/Bee/artifacts/mvdfrm/UnityEngine.InputLegacyModule.dll_AF2D7C798972F545.mvfrm
[109/952    0s] MovedFromExtractor Library/Bee/artifacts/mvdfrm/UnityEngine.InputModule.dll_852DA6D7B1ECDB7C.mvfrm
[110/952    0s] MovedFromExtractor Library/Bee/artifacts/mvdfrm/UnityEngine.ManagedKernelModule.dll_AE7BE638F14D1FCE.mvfrm
[111/952    0s] MovedFromExtractor Library/Bee/artifacts/mvdfrm/UnityEngine.JSONSerializeModule.dll_EBDD36F00153514A.mvfrm
[112/952    0s] MovedFromExtractor Library/Bee/artifacts/mvdfrm/UnityEngine.InsightsModule.dll_3FCF2CDD62A9D32D.mvfrm
[113/952    0s] MovedFromExtractor Library/Bee/artifacts/mvdfrm/UnityEngine.LocalizationModule.dll_AFE6985091E9059B.mvfrm
[114/952    0s] MovedFromExtractor Library/Bee/artifacts/mvdfrm/UnityEngine.MarshallingModule.dll_C650FFEFD5A96CA6.mvfrm
[115/952    0s] MovedFromExtractor Library/Bee/artifacts/mvdfrm/UnityEngine.PerformanceReportingModule.dll_02181879DFE00F10.mvfrm
[116/952    0s] MovedFromExtractor Library/Bee/artifacts/mvdfrm/UnityEngine.MathematicsModule.dll_42FD0F3465F93688.mvfrm
[117/952    0s] MovedFromExtractor Library/Bee/artifacts/mvdfrm/UnityEngine.Physics2DModule.dll_D432305F9C6F96FB.mvfrm
[118/952    0s] MovedFromExtractor Library/Bee/artifacts/mvdfrm/UnityEngine.ParticleSystemModule.dll_B8CDE079664D8517.mvfrm
[119/952    0s] MovedFromExtractor Library/Bee/artifacts/mvdfrm/UnityEngine.PhysicsCore2DModule.dll_7989855F60BCE5AA.mvfrm
[120/952    0s] MovedFromExtractor Library/Bee/artifacts/mvdfrm/UnityEngine.MultiplayerModule.dll_9D907DE7AA48CCCC.mvfrm
[121/952    0s] MovedFromExtractor Library/Bee/artifacts/mvdfrm/UnityEngine.PhysicsBackendPhysXModule.dll_5B78601B24A61A4B.mvfrm
[122/952    0s] MovedFromExtractor Library/Bee/artifacts/mvdfrm/UnityEngine.PhysicsModule.dll_651ABF49230E2CA9.mvfrm
[123/952    0s] MovedFromExtractor Library/Bee/artifacts/mvdfrm/UnityEngine.PropertiesModule.dll_716E37DD461CFBA5.mvfrm
[124/952    0s] MovedFromExtractor Library/Bee/artifacts/mvdfrm/UnityEngine.RenderAs2DModule.dll_B2A5FA63257745DC.mvfrm
[125/952    0s] MovedFromExtractor Library/Bee/artifacts/mvdfrm/UnityEngine.UnityConnectModule.dll_DF5CDCF7436D4087.mvfrm
[126/952    0s] MovedFromExtractor Library/Bee/artifacts/mvdfrm/UnityEngine.ShaderVariantAnalyticsModule.dll_AEAFA2D98736EFF8.mvfrm
[127/952    0s] MovedFromExtractor Library/Bee/artifacts/mvdfrm/UnityEngine.ScreenCaptureModule.dll_05C4E47515BF7DAC.mvfrm
[128/952    0s] MovedFromExtractor Library/Bee/artifacts/mvdfrm/UnityEngine.RuntimeInitializeOnLoadManagerInitializerModule.dll_819780F4B2DF7DC4.mvfrm
[129/952    0s] MovedFromExtractor Library/Bee/artifacts/mvdfrm/UnityEngine.ScriptingModule.dll_9EAD99357AFA4E19.mvfrm
[130/952    0s] MovedFromExtractor Library/Bee/artifacts/mvdfrm/UnityEngine.UnityConsentModule.dll_B10274235077D6D7.mvfrm
[131/952    0s] MovedFromExtractor Library/Bee/artifacts/mvdfrm/UnityEngine.UnityWebRequestModule.dll_36C73CADF4755272.mvfrm
[132/952    0s] MovedFromExtractor Library/Bee/artifacts/mvdfrm/UnityEngine.UnityWebRequestAssetBundleModule.dll_C462F4FC00BB9024.mvfrm
[133/952    0s] MovedFromExtractor Library/Bee/artifacts/mvdfrm/UnityEngine.UnityWebRequestAudioModule.dll_7A146C58664AD9A8.mvfrm
[134/952    0s] MovedFromExtractor Library/Bee/artifacts/mvdfrm/UnityEngine.UnityWebRequestWWWModule.dll_BC6E7C6A831EA139.mvfrm
[135/952    0s] MovedFromExtractor Library/Bee/artifacts/mvdfrm/UnityEngine.UnityCurlModule.dll_BAA8E1A06B869153.mvfrm
[136/952    0s] MovedFromExtractor Library/Bee/artifacts/mvdfrm/UnityEngine.UnityWebRequestTextureModule.dll_EDF58528DB6AB47D.mvfrm
[137/952    0s] MovedFromExtractor Library/Bee/artifacts/mvdfrm/UnityEngine.VFXModule.dll_ADE24934EF4114AA.mvfrm
[138/952    0s] MovedFromExtractor Library/Bee/artifacts/mvdfrm/UnityEngine.VectorGraphicsModule.dll_501516ADF853FB60.mvfrm
[139/952    0s] MovedFromExtractor Library/Bee/artifacts/mvdfrm/UnityEngine.VehiclesModule.dll_1DCB5DCC52565349.mvfrm
[140/952    0s] MovedFromExtractor Library/Bee/artifacts/mvdfrm/UnityEngine.VideoModule.dll_43C16391FE46D27D.mvfrm
[141/952    0s] MovedFromExtractor Library/Bee/artifacts/mvdfrm/UnityEngine.XRModule.dll_952D5932AD75DC3C.mvfrm
[142/952    0s] MovedFromExtractor Library/Bee/artifacts/mvdfrm/UnityEngine.VirtualTexturingModule.dll_FA9970714DB8C8AF.mvfrm
[143/952    0s] MovedFromExtractor Library/Bee/artifacts/mvdfrm/UnityEngine.WindModule.dll_A7D9493AC0D367BA.mvfrm
[144/952    0s] MovedFromExtractor Library/Bee/artifacts/mvdfrm/UnityEngine.dll_09E49A9574241F74.mvfrm
[145/952    0s] MovedFromExtractor Library/Bee/artifacts/mvdfrm/Unity.Scripting.dll_78B2020CB57143FB.mvfrm
[146/952    0s] MovedFromExtractor Library/Bee/artifacts/mvdfrm/UnityEngine.TextRenderingModule.dll_2F04567FCCF6FDA1.mvfrm
[147/952    0s] MovedFromExtractor Library/Bee/artifacts/mvdfrm/UnityEngine.TerrainPhysicsModule.dll_B948894C7F907FA4.mvfrm
[148/952    0s] MovedFromExtractor Library/Bee/artifacts/mvdfrm/UnityEngine.TetgenModule.dll_AE9CD91CD962CF5F.mvfrm
[149/952    0s] MovedFromExtractor Library/Bee/artifacts/mvdfrm/UnityEngine.TerrainModule.dll_7F613AB7F8CC7597.mvfrm
[150/952    0s] MovedFromExtractor Library/Bee/artifacts/mvdfrm/UnityEngine.SubstanceModule.dll_18CC4208964D54B2.mvfrm
[151/952    0s] WriteText Library/Bee/artifacts/200b0aE.dag/UnityEngine.UI.UnityAdditionalFile.txt
[152/952    0s] WriteText Library/Bee/artifacts/200b0aE.dag/UnityEngine.UI.rsp2
[153/952    0s] WriteText Library/Bee/artifacts/200b0aE.dag/UnityEngine.TestRunner.dll.mvfrm.rsp
[154/952    0s] WriteText Library/Bee/artifacts/200b0aE.dag/UnityEngine.TestRunner.rsp
[155/952    0s] MovedFromExtractor Library/Bee/artifacts/mvdfrm/UnityEngine.SubsystemsModule.dll_980CD190C2E914F6.mvfrm
[156/952    0s] MovedFromExtractor Library/Bee/artifacts/mvdfrm/UnityEngine.TLSModule.dll_2D03B0C618D3AB3D.mvfrm
[157/952    0s] MovedFromExtractor Library/Bee/artifacts/mvdfrm/UnityEngine.StreamingModule.dll_3C212DBF4AFA56A4.mvfrm
[158/952    0s] MovedFromExtractor Library/Bee/artifacts/mvdfrm/UnityEngine.SpriteShapeModule.dll_37498EB5A723775E.mvfrm
[159/952    0s] MovedFromExtractor Library/Bee/artifacts/mvdfrm/UnityEngine.TextCoreFontEngineModule.dll_A9C4009D03DB2BAF.mvfrm
[160/952    0s] MovedFromExtractor Library/Bee/artifacts/mvdfrm/UnityEngine.TextCoreTextEngineModule.dll_F1AC370E935EE4CD.mvfrm
[161/952    0s] MovedFromExtractor Library/Bee/artifacts/mvdfrm/UnityEngine.SpriteMaskModule.dll_2D5F6B2EF4A12CE3.mvfrm
[162/952    0s] MovedFromExtractor Library/Bee/artifacts/mvdfrm/UnityEditor.OSXStandalone.Extensions.dll_CD3F7D33D4369C07.mvfrm
[163/952    0s] MovedFromExtractor Library/Bee/artifacts/mvdfrm/UnityEditor.Graphs.dll_29B90EB8345C6258.mvfrm
[164/952    0s] MovedFromExtractor Library/Bee/artifacts/mvdfrm/UnityEditor.WebGL.Extensions.dll_2D55C1B3FDC0A76C.mvfrm
[165/952    0s] MovedFromExtractor Library/Bee/artifacts/mvdfrm/UnityPipeline.System.Runtime.CompilerServices.Unsafe.dll_0143962A73BACF50.mvfrm
[166/952    0s] MovedFromExtractor Library/Bee/artifacts/mvdfrm/UnityPipeline.System.Reflection.Metadata.dll_FB55CA9F6A4025A1.mvfrm
[167/952    0s] MovedFromExtractor Library/Bee/artifacts/mvdfrm/UnityPipeline.Microsoft.CodeAnalysis.dll_5E15BED2D0774757.mvfrm
[168/952    0s] MovedFromExtractor-Combine Library/Bee/artifacts/200b0aE.dag/UnityEngine.TestRunner.dll.mvfrm
[169/952    0s] MovedFromExtractor Library/Bee/artifacts/mvdfrm/UnityPipeline.System.Collections.Immutable.dll_924BDF1B8DAADB98.mvfrm
[170/952    0s] MovedFromExtractor Library/Bee/artifacts/mvdfrm/UnityPipeline.Microsoft.CodeAnalysis.CSharp.dll_2BCCC1E651083C0A.mvfrm
[171/952    0s] MovedFromExtractor Library/Bee/artifacts/mvdfrm/Unity.VisualScripting.Antlr3.Runtime.dll_E9EF366BD634428A.mvfrm
[172/952    0s] WriteText Library/Bee/artifacts/200b0aE.dag/UnityEditor.TestRunner.rsp2
[173/952    0s] WriteText Library/Bee/artifacts/200b0aE.dag/UnityEditor.TestRunner.UnityAdditionalFile.txt
[174/952    0s] WriteText Library/Bee/artifacts/200b0aE.dag/UnityEngine.UI.dll.mvfrm.rsp
[175/952    0s] WriteText Library/Bee/artifacts/200b0aE.dag/UnityEngine.UI.rsp
[176/952    0s] MovedFromExtractor Library/Bee/artifacts/mvdfrm/Unity.Collections.LowLevel.ILSupport.dll_EE544B55637299A5.mvfrm
[177/952    0s] MovedFromExtractor Library/Bee/artifacts/mvdfrm/Unity.Plastic.Newtonsoft.Json.dll_ED3944E5E8A516CB.mvfrm
[178/952    0s] MovedFromExtractor Library/Bee/artifacts/mvdfrm/Unity.VisualScripting.YamlDotNet.dll_38820F8AA56B326B.mvfrm
[179/952    0s] WriteText Library/Bee/artifacts/200b0aE.dag/UnityEditor.TestRunner.dll.mvfrm.rsp
[180/952    0s] WriteText Library/Bee/artifacts/200b0aE.dag/UnityEditor.TestRunner.rsp
[181/952    0s] WriteText Library/Bee/artifacts/200b0aE.dag/UnityEditor.UI.rsp2
[182/952    0s] WriteText Library/Bee/artifacts/200b0aE.dag/UnityEditor.UI.UnityAdditionalFile.txt
[183/952    0s] WriteText Library/Bee/artifacts/200b0aE.dag/UnityEditor.UI.dll.mvfrm.rsp
[184/952    0s] WriteText Library/Bee/artifacts/200b0aE.dag/UnityEditor.UI.rsp
[185/952    0s] WriteText Library/Bee/artifacts/200b0aE.dag/Unity.Burst.UnityAdditionalFile.txt
[186/952    0s] WriteText Library/Bee/artifacts/200b0aE.dag/Unity.Burst.rsp2
[187/952    0s] WriteText Library/Bee/artifacts/200b0aE.dag/Unity.Burst.dll.mvfrm.rsp
[188/952    0s] WriteText Library/Bee/artifacts/200b0aE.dag/Unity.Burst.rsp
[189/952    0s] WriteText Library/Bee/artifacts/200b0aE.dag/Unity.Collections.UnityAdditionalFile.txt
[190/952    0s] WriteText Library/Bee/artifacts/200b0aE.dag/Unity.Collections.rsp2
[191/952    0s] WriteText Library/Bee/artifacts/200b0aE.dag/Unity.Collections.dll.mvfrm.rsp
[192/952    0s] MovedFromExtractor Library/Bee/artifacts/mvdfrm/Unity.Plastic.Antlr3.Runtime.dll_4A7ACD353CCE2CCA.mvfrm
[193/952    0s] WriteText Library/Bee/artifacts/200b0aE.dag/Unity.Collections.rsp
[194/952    0s] MovedFromExtractor Library/Bee/artifacts/mvdfrm/Unity.VisualScripting.TextureAssets.dll_CFA038DE66389063.mvfrm
[195/952    0s] WriteText Library/Bee/artifacts/200b0aE.dag/Unity.InputSystem.UnityAdditionalFile.txt
[196/952    0s] WriteText Library/Bee/artifacts/200b0aE.dag/Unity.InputSystem.rsp2
[197/952    0s] WriteText Library/Bee/artifacts/200b0aE.dag/Unity.InputSystem.dll.mvfrm.rsp
[198/952    0s] WriteText Library/Bee/artifacts/200b0aE.dag/Unity.InputSystem.rsp
[199/952    0s] WriteText Library/Bee/artifacts/200b0aE.dag/Unity.Collections.CodeGen.rsp2
[200/952    0s] WriteText Library/Bee/artifacts/200b0aE.dag/Unity.Collections.CodeGen.UnityAdditionalFile.txt
[201/952    0s] WriteText Library/Bee/artifacts/200b0aE.dag/Unity.Pipeline.CodeGen.UnityAdditionalFile.txt
[202/952    0s] WriteText Library/Bee/artifacts/200b0aE.dag/Unity.Pipeline.CodeGen.rsp2
[203/952    0s] WriteText Library/Bee/artifacts/200b0aE.dag/Unity.RenderPipelines.Core.Runtime.UnityAdditionalFile.txt
[204/952    0s] WriteText Library/Bee/artifacts/200b0aE.dag/Unity.RenderPipelines.Core.Runtime.rsp2
[205/952    0s] WriteText Library/Bee/artifacts/200b0aE.dag/Unity.UnifiedRayTracing.Runtime.UnityAdditionalFile.txt
[206/952    0s] WriteText Library/Bee/artifacts/200b0aE.dag/Unity.UnifiedRayTracing.Runtime.rsp2
[207/952    0s] WriteText Library/Bee/artifacts/200b0aE.dag/Unity.RenderPipelines.Core.Runtime.rsp
[208/952    0s] WriteText Library/Bee/artifacts/200b0aE.dag/Unity.RenderPipelines.Core.Runtime.dll.mvfrm.rsp
[209/952    0s] WriteText Library/Bee/artifacts/200b0aE.dag/Unity.Pipeline.CodeGen.dll.mvfrm.rsp
[210/952    0s] WriteText Library/Bee/artifacts/200b0aE.dag/Unity.Collections.CodeGen.dll.mvfrm.rsp
[211/952    0s] WriteText Library/Bee/artifacts/200b0aE.dag/Unity.UnifiedRayTracing.Runtime.dll.mvfrm.rsp
[212/952    0s] WriteText Library/Bee/artifacts/200b0aE.dag/Unity.Collections.CodeGen.rsp
[213/952    0s] WriteText Library/Bee/artifacts/200b0aE.dag/Unity.UnifiedRayTracing.Runtime.rsp
[214/952    0s] WriteText Library/Bee/artifacts/200b0aE.dag/Unity.VisualScripting.Core.UnityAdditionalFile.txt
[215/952    0s] WriteText Library/Bee/artifacts/200b0aE.dag/Unity.VisualScripting.Core.rsp2
[216/952    0s] WriteText Library/Bee/artifacts/200b0aE.dag/Unity.PathTracing.Runtime.rsp2
[217/952    0s] WriteText Library/Bee/artifacts/200b0aE.dag/Unity.Pipeline.CodeGen.rsp
[218/952    0s] WriteText Library/Bee/artifacts/200b0aE.dag/Unity.PathTracing.Runtime.UnityAdditionalFile.txt
[219/952    0s] WriteText Library/Bee/artifacts/200b0aE.dag/Unity.Profiling.Core.rsp2
[220/952    0s] WriteText Library/Bee/artifacts/200b0aE.dag/Unity.Profiling.Core.UnityAdditionalFile.txt
[221/952    0s] WriteText Library/Bee/artifacts/200b0aE.dag/Unity.VisualScripting.Core.dll.mvfrm.rsp
[222/952    0s] WriteText Library/Bee/artifacts/200b0aE.dag/Unity.PathTracing.Runtime.dll.mvfrm.rsp
[223/952    0s] WriteText Library/Bee/artifacts/200b0aE.dag/Unity.VisualScripting.Core.rsp
[224/952    0s] WriteText Library/Bee/artifacts/200b0aE.dag/Unity.Profiling.Core.dll.mvfrm.rsp
[225/952    0s] WriteText Library/Bee/artifacts/200b0aE.dag/Unity.Profiling.Core.rsp
[226/952    0s] WriteText Library/Bee/artifacts/200b0aE.dag/Unity.PathTracing.Runtime.rsp
[227/952    0s] WriteText Library/Bee/artifacts/200b0aE.dag/Unity.InternalAPIEngineBridge.RenderPipelines.Core.Runtime.Shared.UnityAdditionalFile.txt
[228/952    0s] WriteText Library/Bee/artifacts/200b0aE.dag/Unity.InternalAPIEngineBridge.RenderPipelines.Core.Runtime.Shared.rsp2
[229/952    0s] WriteText Library/Bee/artifacts/200b0aE.dag/Unity.RenderPipelines.GPUDriven.Runtime.rsp2
[230/952    0s] WriteText Library/Bee/artifacts/200b0aE.dag/Unity.RenderPipelines.GPUDriven.Runtime.UnityAdditionalFile.txt
[231/952    0s] WriteText Library/Bee/artifacts/200b0aE.dag/Unity.VisualScripting.Flow.UnityAdditionalFile.txt
[232/952    0s] WriteText Library/Bee/artifacts/200b0aE.dag/Unity.VisualScripting.Flow.rsp2
[233/952    0s] WriteText Library/Bee/artifacts/200b0aE.dag/Unity.InternalAPIEngineBridge.RenderPipelines.Core.Runtime.Shared.rsp
[234/952    0s] WriteText Library/Bee/artifacts/200b0aE.dag/Unity.InternalAPIEngineBridge.RenderPipelines.Core.Runtime.Shared.dll.mvfrm.rsp
[235/952    0s] WriteText Library/Bee/artifacts/200b0aE.dag/Unity.InternalAPIEngineBridge.RenderPipelines.Core.Editor.rsp2
[236/952    0s] WriteText Library/Bee/artifacts/200b0aE.dag/Unity.InternalAPIEngineBridge.RenderPipelines.Core.Editor.UnityAdditionalFile.txt
[237/952    0s] WriteText Library/Bee/artifacts/200b0aE.dag/Unity.PathTracing.Editor.rsp2
[238/952    0s] WriteText Library/Bee/artifacts/200b0aE.dag/Unity.PathTracing.Editor.UnityAdditionalFile.txt
[239/952    0s] WriteText Library/Bee/artifacts/200b0aE.dag/Unity.VisualScripting.Core.Editor.rsp2
[240/952    0s] WriteText Library/Bee/artifacts/200b0aE.dag/Unity.RenderPipelines.Core.Runtime.Shared.rsp2
[241/952    0s] WriteText Library/Bee/artifacts/200b0aE.dag/Unity.VisualScripting.Core.Editor.UnityAdditionalFile.txt
[242/952    0s] WriteText Library/Bee/artifacts/200b0aE.dag/Unity.RenderPipelines.Core.Runtime.Shared.UnityAdditionalFile.txt
[243/952    0s] WriteText Library/Bee/artifacts/200b0aE.dag/Unity.RenderPipelines.GPUDriven.Runtime.dll.mvfrm.rsp
[244/952    0s] WriteText Library/Bee/artifacts/200b0aE.dag/Unity.RenderPipeline.Universal.ShaderLibrary.rsp2
[245/952    0s] WriteText Library/Bee/artifacts/200b0aE.dag/Unity.SurfaceCache.Runtime.UnityAdditionalFile.txt
[246/952    0s] WriteText Library/Bee/artifacts/200b0aE.dag/Unity.RenderPipeline.Universal.ShaderLibrary.UnityAdditionalFile.txt
[247/952    0s] WriteText Library/Bee/artifacts/200b0aE.dag/Unity.SurfaceCache.Runtime.rsp2
[248/952    0s] WriteText Library/Bee/artifacts/200b0aE.dag/Unity.RenderPipelines.GPUDriven.Runtime.rsp
[249/952    0s] WriteText Library/Bee/artifacts/200b0aE.dag/Unity.RenderPipelines.Universal.Config.Runtime.rsp2
[250/952    0s] WriteText Library/Bee/artifacts/200b0aE.dag/Unity.VisualScripting.Flow.dll.mvfrm.rsp
[251/952    0s] WriteText Library/Bee/artifacts/200b0aE.dag/Unity.RenderPipelines.Universal.Config.Runtime.UnityAdditionalFile.txt
[252/952    0s] WriteText Library/Bee/artifacts/200b0aE.dag/Unity.InternalAPIEngineBridge.ObjectDispatcher.Runtime.UnityAdditionalFile.txt
[251/952    0s] Csc Library/Bee/artifacts/200b0aE.dag/UnityEngine.TestRunner.dll (+2 others) [CacheHit e56fd2d3d769ee0cb9aa409cb5217e6200000000000000000000000000000006]
[253/952    0s] Csc Library/Bee/artifacts/200b0aE.dag/UnityEngine.TestRunner.dll (+2 others)
[255/952    0s] WriteText Library/Bee/artifacts/200b0aE.dag/Unity.InternalAPIEngineBridge.ObjectDispatcher.Runtime.rsp2
[256/952    0s] WriteText Library/Bee/artifacts/200b0aE.dag/Unity.InternalAPIEngineBridge.RenderPipelines.Core.Editor.dll.mvfrm.rsp
[257/952    0s] WriteText Library/Bee/artifacts/200b0aE.dag/Unity.VisualScripting.Flow.rsp
[258/952    0s] WriteText Library/Bee/artifacts/200b0aE.dag/Unity.PathTracing.Editor.dll.mvfrm.rsp
[259/952    0s] WriteText Library/Bee/artifacts/200b0aE.dag/Unity.InternalAPIEngineBridge.RenderPipelines.Core.Editor.rsp
[260/952    0s] WriteText Library/Bee/artifacts/200b0aE.dag/Unity.PathTracing.Editor.rsp
[261/952    0s] WriteText Library/Bee/artifacts/200b0aE.dag/Unity.RenderPipelines.Core.Runtime.Shared.dll.mvfrm.rsp
[262/952    0s] WriteText Library/Bee/artifacts/200b0aE.dag/Unity.VisualScripting.Core.Editor.dll.mvfrm.rsp
[263/952    0s] WriteText Library/Bee/artifacts/200b0aE.dag/Unity.RenderPipeline.Universal.ShaderLibrary.dll.mvfrm.rsp
[264/952    0s] WriteText Library/Bee/artifacts/200b0aE.dag/Unity.RenderPipelines.Core.Runtime.Shared.rsp
[265/952    0s] WriteText Library/Bee/artifacts/200b0aE.dag/Unity.SurfaceCache.Runtime.dll.mvfrm.rsp
[266/952    0s] WriteText Library/Bee/artifacts/200b0aE.dag/Unity.InternalAPIEngineBridge.ObjectDispatcher.Runtime.dll.mvfrm.rsp
[267/952    0s] WriteText Library/Bee/artifacts/200b0aE.dag/Unity.RenderPipeline.Universal.ShaderLibrary.rsp
[268/952    0s] WriteText Library/Bee/artifacts/200b0aE.dag/Unity.RenderPipelines.Universal.Config.Runtime.dll.mvfrm.rsp
[269/952    0s] WriteText Library/Bee/artifacts/200b0aE.dag/Unity.VisualScripting.Core.Editor.rsp
[270/952    0s] WriteText Library/Bee/artifacts/200b0aE.dag/Unity.SurfaceCache.Runtime.rsp
[271/952    0s] WriteText Library/Bee/artifacts/200b0aE.dag/Unity.InternalAPIEngineBridge.ObjectDispatcher.Runtime.rsp
[272/952    0s] WriteText Library/Bee/artifacts/200b0aE.dag/Unity.RenderPipelines.Universal.Config.Runtime.rsp
[273/952    0s] WriteText Library/Bee/artifacts/200b0aE.dag/Unity.RenderPipelines.Core.Editor.UnityAdditionalFile.txt
[274/952    0s] WriteText Library/Bee/artifacts/200b0aE.dag/Unity.RenderPipelines.Core.Editor.rsp2
[275/952    0s] WriteText Library/Bee/artifacts/200b0aE.dag/Unity.RenderPipelines.Universal.Runtime.rsp2
[276/952    0s] WriteText Library/Bee/artifacts/200b0aE.dag/Unity.RenderPipelines.Universal.Runtime.UnityAdditionalFile.txt
[277/952    0s] WriteText Library/Bee/artifacts/200b0aE.dag/Unity.VisualScripting.State.UnityAdditionalFile.txt
[278/952    0s] WriteText Library/Bee/artifacts/200b0aE.dag/Unity.VisualScripting.State.rsp2
[279/952    0s] WriteText Library/Bee/artifacts/200b0aE.dag/Unity.VisualScripting.Flow.Editor.rsp2
[280/952    0s] WriteText Library/Bee/artifacts/200b0aE.dag/Unity.VisualScripting.Flow.Editor.UnityAdditionalFile.txt
[281/952    0s] WriteText Library/Bee/artifacts/200b0aE.dag/Unity.GraphAuthoring.Editor.UnityAdditionalFile.txt
[282/952    0s] WriteText Library/Bee/artifacts/200b0aE.dag/Unity.Searcher.Editor.UnityAdditionalFile.txt
[283/952    0s] WriteText Library/Bee/artifacts/200b0aE.dag/Unity.InternalAPIEditorBridge.ShaderGraph.Editor.rsp2
[284/952    0s] WriteText Library/Bee/artifacts/200b0aE.dag/Unity.GraphAuthoring.Editor.rsp2
[285/952    0s] WriteText Library/Bee/artifacts/200b0aE.dag/Unity.InternalAPIEditorBridge.ShaderGraph.Editor.UnityAdditionalFile.txt
[286/952    0s] WriteText Library/Bee/artifacts/200b0aE.dag/Unity.InternalAPIEngineBridge.004.rsp2
[287/952    0s] WriteText Library/Bee/artifacts/200b0aE.dag/Unity.InternalAPIEngineBridge.004.UnityAdditionalFile.txt
[288/952    0s] WriteText Library/Bee/artifacts/200b0aE.dag/Unity.Searcher.Editor.rsp2
[289/952    0s] WriteText Library/Bee/artifacts/200b0aE.dag/Unity.Pipeline.IlInterpreter.UnityAdditionalFile.txt
[290/952    0s] WriteText Library/Bee/artifacts/200b0aE.dag/Unity.AI.Navigation.rsp2
[291/952    0s] WriteText Library/Bee/artifacts/200b0aE.dag/Unity.AI.Navigation.UnityAdditionalFile.txt
[292/952    0s] WriteText Library/Bee/artifacts/200b0aE.dag/Unity.AI.Navigation.Editor.ConversionSystem.rsp2
[293/952    0s] WriteText Library/Bee/artifacts/200b0aE.dag/Unity.AI.Navigation.Editor.ConversionSystem.UnityAdditionalFile.txt
[294/952    0s] WriteText Library/Bee/artifacts/200b0aE.dag/Unity.Pipeline.IlInterpreter.rsp2
[295/952    0s] WriteText Library/Bee/artifacts/200b0aE.dag/Unity.Pipeline.Attributes.UnityAdditionalFile.txt
[296/952    0s] WriteText Library/Bee/artifacts/200b0aE.dag/Unity.RenderPipelines.Core.Editor.dll.mvfrm.rsp
[297/952    0s] WriteText Library/Bee/artifacts/200b0aE.dag/Unity.Pipeline.Attributes.rsp2
[298/952    0s] WriteText Library/Bee/artifacts/200b0aE.dag/Unity.RenderPipelines.Core.Editor.rsp
[299/952    0s] WriteText Library/Bee/artifacts/200b0aE.dag/Unity.RenderPipelines.Universal.Runtime.dll.mvfrm.rsp
[300/952    0s] WriteText Library/Bee/artifacts/200b0aE.dag/Unity.ShaderGraph.Utilities.rsp2
[301/952    0s] WriteText Library/Bee/artifacts/200b0aE.dag/Unity.ShaderGraph.Utilities.UnityAdditionalFile.txt
[302/952    0s] WriteText Library/Bee/artifacts/200b0aE.dag/Unity.RenderPipelines.Universal.Runtime.rsp
[303/952    0s] WriteText Library/Bee/artifacts/200b0aE.dag/Unity.VisualScripting.Flow.Editor.dll.mvfrm.rsp
[304/952    0s] WriteText Library/Bee/artifacts/200b0aE.dag/Unity.VisualScripting.State.dll.mvfrm.rsp
[305/952    0s] WriteText Library/Bee/artifacts/200b0aE.dag/Unity.InternalAPIEditorBridge.ShaderGraph.Editor.dll.mvfrm.rsp
[306/952    0s] WriteText Library/Bee/artifacts/200b0aE.dag/Unity.GraphAuthoring.Editor.dll.mvfrm.rsp
[307/952    0s] WriteText Library/Bee/artifacts/200b0aE.dag/Unity.InternalAPIEngineBridge.004.dll.mvfrm.rsp
[308/952    0s] WriteText Library/Bee/artifacts/200b0aE.dag/Unity.VisualScripting.Flow.Editor.rsp
[309/952    0s] WriteText Library/Bee/artifacts/200b0aE.dag/Unity.Searcher.Editor.dll.mvfrm.rsp
[310/952    0s] WriteText Library/Bee/artifacts/200b0aE.dag/Unity.VisualScripting.State.rsp
[311/952    0s] WriteText Library/Bee/artifacts/200b0aE.dag/Unity.Searcher.Editor.rsp
[312/952    0s] WriteText Library/Bee/artifacts/200b0aE.dag/Unity.InternalAPIEditorBridge.ShaderGraph.Editor.rsp
[313/952    0s] WriteText Library/Bee/artifacts/200b0aE.dag/Unity.AI.Navigation.dll.mvfrm.rsp
[314/952    0s] WriteText Library/Bee/artifacts/200b0aE.dag/Unity.GraphAuthoring.Editor.rsp
[315/952    0s] WriteText Library/Bee/artifacts/200b0aE.dag/Unity.InternalAPIEngineBridge.004.rsp
[316/952    0s] WriteText Library/Bee/artifacts/200b0aE.dag/Unity.Pipeline.Attributes.dll.mvfrm.rsp
[317/952    0s] WriteText Library/Bee/artifacts/200b0aE.dag/Unity.AI.Navigation.Editor.ConversionSystem.dll.mvfrm.rsp
[318/952    0s] WriteText Library/Bee/artifacts/200b0aE.dag/Unity.Pipeline.IlInterpreter.dll.mvfrm.rsp
[319/952    0s] WriteText Library/Bee/artifacts/200b0aE.dag/Unity.Pipeline.IlInterpreter.rsp
[320/952    0s] WriteText Library/Bee/artifacts/200b0aE.dag/Unity.AI.Navigation.rsp
[321/952    0s] WriteText Library/Bee/artifacts/200b0aE.dag/Unity.ShaderGraph.Utilities.dll.mvfrm.rsp
[322/952    0s] WriteText Library/Bee/artifacts/200b0aE.dag/Unity.AI.Navigation.Editor.ConversionSystem.rsp
[323/952    0s] WriteText Library/Bee/artifacts/200b0aE.dag/Unity.Pipeline.Attributes.rsp
[324/952    0s] WriteText Library/Bee/artifacts/200b0aE.dag/Unity.PlasticSCM.Editor.rsp2
[325/952    0s] WriteText Library/Bee/artifacts/200b0aE.dag/Unity.PlasticSCM.Editor.UnityAdditionalFile.txt
[326/952    0s] WriteText Library/Bee/artifacts/200b0aE.dag/Unity.ShaderGraph.Utilities.rsp
[327/952    0s] WriteText Library/Bee/artifacts/200b0aE.dag/Unity.RenderPipelines.Universal.2D.Runtime.UnityAdditionalFile.txt
[328/952    0s] WriteText Library/Bee/artifacts/200b0aE.dag/Unity.RenderPipelines.Universal.2D.Runtime.rsp2
[329/952    0s] WriteText Library/Bee/artifacts/200b0aE.dag/Unity.RenderPipelines.Core.Editor.Shared.rsp2
[330/952    0s] WriteText Library/Bee/artifacts/200b0aE.dag/Unity.RenderPipelines.Core.Editor.Shared.UnityAdditionalFile.txt
[331/952    0s] WriteText Library/Bee/artifacts/200b0aE.dag/Unity.TextMeshPro.UnityAdditionalFile.txt
[332/952    0s] WriteText Library/Bee/artifacts/200b0aE.dag/Unity.ShaderGraph.Editor.rsp2
[333/952    0s] WriteText Library/Bee/artifacts/200b0aE.dag/Unity.TextMeshPro.rsp2
[334/952    0s] WriteText Library/Bee/artifacts/200b0aE.dag/Unity.ShaderGraph.Editor.UnityAdditionalFile.txt
[335/952    0s] WriteText Library/Bee/artifacts/200b0aE.dag/Unity.Pipeline.rsp2
[336/952    0s] WriteText Library/Bee/artifacts/200b0aE.dag/Unity.Pipeline.UnityAdditionalFile.txt
[337/952    0s] WriteText Library/Bee/artifacts/200b0aE.dag/Unity.PlasticSCM.Editor.dll.mvfrm.rsp
[338/952    0s] WriteText Library/Bee/artifacts/200b0aE.dag/Unity.Timeline.UnityAdditionalFile.txt
[339/952    0s] WriteText Library/Bee/artifacts/200b0aE.dag/Unity.VisualScripting.State.Editor.rsp2
[340/952    0s] WriteText Library/Bee/artifacts/200b0aE.dag/Unity.VisualScripting.State.Editor.UnityAdditionalFile.txt
[341/952    0s] WriteText Library/Bee/artifacts/200b0aE.dag/Unity.InputSystem.ForUI.UnityAdditionalFile.txt
[342/952    0s] MovedFromExtractor Library/Bee/artifacts/mvdfrm/Unity.VisualScripting.IonicZip.dll_415BC0E8E440EB61.mvfrm
[343/952    0s] WriteText Library/Bee/artifacts/200b0aE.dag/Unity.InputSystem.ForUI.rsp2
[344/952    0s] WriteText Library/Bee/artifacts/200b0aE.dag/Unity.Timeline.rsp2
[345/952    0s] WriteText Library/Bee/artifacts/200b0aE.dag/Unity.AI.Navigation.Editor.UnityAdditionalFile.txt
[346/952    0s] WriteText Library/Bee/artifacts/200b0aE.dag/Unity.PlasticSCM.Editor.rsp
[347/952    0s] WriteText Library/Bee/artifacts/200b0aE.dag/Unity.ShaderGraph.Editor.dll.mvfrm.rsp
[348/952    0s] WriteText Library/Bee/artifacts/200b0aE.dag/Unity.AI.Navigation.Editor.rsp2
[349/952    0s] WriteText Library/Bee/artifacts/200b0aE.dag/Unity.RenderPipelines.Core.Editor.Shared.dll.mvfrm.rsp
[350/952    0s] WriteText Library/Bee/artifacts/200b0aE.dag/Unity.TextMeshPro.dll.mvfrm.rsp
[351/952    0s] WriteText Library/Bee/artifacts/200b0aE.dag/Unity.RenderPipelines.Universal.2D.Runtime.dll.mvfrm.rsp
[352/952    0s] WriteText Library/Bee/artifacts/200b0aE.dag/Unity.ShaderGraph.Editor.rsp
[353/952    0s] WriteText Library/Bee/artifacts/200b0aE.dag/Unity.RenderPipelines.Universal.2D.Runtime.rsp
[354/952    0s] WriteText Library/Bee/artifacts/200b0aE.dag/Unity.TextMeshPro.rsp
[355/952    0s] WriteText Library/Bee/artifacts/200b0aE.dag/Unity.VisualScripting.State.Editor.dll.mvfrm.rsp
[356/952    0s] WriteText Library/Bee/artifacts/200b0aE.dag/Unity.InputSystem.ForUI.dll.mvfrm.rsp
[357/952    0s] WriteText Library/Bee/artifacts/200b0aE.dag/Unity.RenderPipelines.Core.Editor.Shared.rsp
[358/952    0s] WriteText Library/Bee/artifacts/200b0aE.dag/Unity.AI.Navigation.Editor.dll.mvfrm.rsp
[359/952    0s] WriteText Library/Bee/artifacts/200b0aE.dag/Unity.Pipeline.dll.mvfrm.rsp
[360/952    0s] WriteText Library/Bee/artifacts/200b0aE.dag/Unity.Timeline.dll.mvfrm.rsp
[361/952    0s] WriteText Library/Bee/artifacts/200b0aE.dag/Unity.Timeline.rsp
[362/952    0s] WriteText Library/Bee/artifacts/200b0aE.dag/Unity.InputSystem.ForUI.rsp
[363/952    0s] WriteText Library/Bee/artifacts/200b0aE.dag/Unity.Pipeline.rsp
[364/952    0s] WriteText Library/Bee/artifacts/200b0aE.dag/Unity.AI.Navigation.Editor.rsp
[365/952    0s] WriteText Library/Bee/artifacts/200b0aE.dag/Unity.VisualScripting.State.Editor.rsp
[366/952    0s] WriteText Library/Bee/artifacts/200b0aE.dag/Unity.Rider.Editor.UnityAdditionalFile.txt
[367/952    0s] WriteText Library/Bee/artifacts/200b0aE.dag/Unity.VisualStudio.Editor.UnityAdditionalFile.txt
[368/952    0s] WriteText Library/Bee/artifacts/200b0aE.dag/Unity.VisualStudio.Editor.rsp2
[369/952    0s] WriteText Library/Bee/artifacts/200b0aE.dag/Unity.AI.Navigation.Updater.UnityAdditionalFile.txt
[370/952    0s] WriteText Library/Bee/artifacts/200b0aE.dag/Unity.Rider.Editor.rsp2
[371/952    0s] WriteText Library/Bee/artifacts/200b0aE.dag/UnityEditor.UI.Analytics.rsp2
[372/952    0s] WriteText Library/Bee/artifacts/200b0aE.dag/Unity.AI.Navigation.Updater.rsp2
[373/952    0s] WriteText Library/Bee/artifacts/200b0aE.dag/Unity.Rendering.LightTransport.Editor.UnityAdditionalFile.txt
[374/952    0s] WriteText Library/Bee/artifacts/200b0aE.dag/Unity.Rendering.LightTransport.Editor.rsp2
[375/952    0s] WriteText Library/Bee/artifacts/200b0aE.dag/Unity.Collections.Editor.UnityAdditionalFile.txt
[376/952    0s] WriteText Library/Bee/artifacts/200b0aE.dag/Unity.TextMeshPro.Editor.UnityAdditionalFile.txt
[377/952    0s] WriteText Library/Bee/artifacts/200b0aE.dag/Unity.Collections.Editor.rsp2
[378/952    0s] WriteText Library/Bee/artifacts/200b0aE.dag/Unity.Collections.Tests.CoreCLR.InternalJobNestedPrivate.UnityAdditionalFile.txt
[379/952    0s] WriteText Library/Bee/artifacts/200b0aE.dag/Unity.Collections.Tests.CoreCLR.InternalJobNestedPrivate.rsp2
[380/952    0s] WriteText Library/Bee/artifacts/200b0aE.dag/Unity.TextMeshPro.Editor.rsp2
[381/952    0s] WriteText Library/Bee/artifacts/200b0aE.dag/Unity.RenderPipelines.Universal.Shaders.rsp2
[382/952    0s] WriteText Library/Bee/artifacts/200b0aE.dag/Unity.VisualScripting.Shared.Editor.rsp2
[383/952    0s] WriteText Library/Bee/artifacts/200b0aE.dag/Unity.Collections.Tests.CoreCLR.PrivateJobNested.UnityAdditionalFile.txt
[384/952    0s] WriteText Library/Bee/artifacts/200b0aE.dag/Unity.RenderPipelines.Universal.Shaders.UnityAdditionalFile.txt
[385/952    0s] WriteText Library/Bee/artifacts/200b0aE.dag/Unity.Collections.Tests.CoreCLR.ProtectedJobNested.UnityAdditionalFile.txt
[386/952    0s] WriteText Library/Bee/artifacts/200b0aE.dag/Unity.Collections.Tests.CoreCLR.PrivateJobNested.rsp2
[387/952    0s] WriteText Library/Bee/artifacts/200b0aE.dag/Unity.Collections.Tests.CoreCLR.ProtectedJobNested.rsp2
[388/952    0s] WriteText Library/Bee/artifacts/200b0aE.dag/Unity.VisualScripting.Shared.Editor.UnityAdditionalFile.txt
[389/952    0s] WriteText Library/Bee/artifacts/200b0aE.dag/Unity.RenderPipelines.Universal.Editor.rsp2
[390/952    0s] WriteText Library/Bee/artifacts/200b0aE.dag/Unity.RenderPipelines.Universal.Editor.UnityAdditionalFile.txt
[391/952    0s] WriteText Library/Bee/artifacts/200b0aE.dag/Unity.Collections.Tests.CoreCLR.PublicJobPrivateGeneric.rsp2
[392/952    0s] WriteText Library/Bee/artifacts/200b0aE.dag/Unity.Collections.Tests.CoreCLR.PublicJobPrivateGeneric.UnityAdditionalFile.txt
[393/952    0s] WriteText Library/Bee/artifacts/200b0aE.dag/Unity.RenderPipelines.Universal.2D.Editor.Overrides.rsp2
[394/952    0s] WriteText Library/Bee/artifacts/200b0aE.dag/UnityEditor.UI.Analytics.UnityAdditionalFile.txt
[395/952    0s] WriteText Library/Bee/artifacts/200b0aE.dag/Unity.InputSystem.ForUI.Editor.UnityAdditionalFile.txt
[396/952    0s] WriteText Library/Bee/artifacts/200b0aE.dag/Unity.InputSystem.ForUI.Editor.rsp2
[397/952    0s] WriteText Library/Bee/artifacts/200b0aE.dag/Unity.Pipeline.Editor.UnityAdditionalFile.txt
[398/952    0s] WriteText Library/Bee/artifacts/200b0aE.dag/Unity.VisualScripting.SettingsProvider.Editor.UnityAdditionalFile.txt
[399/952    0s] WriteText Library/Bee/artifacts/200b0aE.dag/Unity.Timeline.Editor.UnityAdditionalFile.txt
[400/952    0s] WriteText Library/Bee/artifacts/200b0aE.dag/Unity.RenderPipelines.Universal.2D.Editor.Overrides.UnityAdditionalFile.txt
[401/952    0s] WriteText Library/Bee/artifacts/200b0aE.dag/Unity.PlasticSCM.Editor.Assistant.UnityAdditionalFile.txt
[402/952    0s] WriteText Library/Bee/artifacts/200b0aE.dag/Unity.RenderPipelines.ShaderGraph.ShaderGraphLibrary.rsp2
[403/952    0s] WriteText Library/Bee/artifacts/200b0aE.dag/Unity.Pipeline.Editor.rsp2
[404/952    0s] WriteText Library/Bee/artifacts/200b0aE.dag/Unity.Timeline.Editor.rsp2
[405/952    0s] WriteText Library/Bee/artifacts/200b0aE.dag/Unity.RenderPipelines.Core.ShaderLibrary.UnityAdditionalFile.txt
[406/952    0s] WriteText Library/Bee/artifacts/200b0aE.dag/Unity.PlasticSCM.Editor.Assistant.rsp2
[407/952    0s] WriteText Library/Bee/artifacts/200b0aE.dag/Unity.VisualScripting.SettingsProvider.Editor.rsp2
[408/952    0s] WriteText Library/Bee/artifacts/200b0aE.dag/Unity.RenderPipelines.Core.ShaderLibrary.rsp2
[409/952    0s] WriteText Library/Bee/artifacts/200b0aE.dag/Unity.RenderPipelines.ShaderGraph.ShaderGraphLibrary.UnityAdditionalFile.txt
[410/952    0s] WriteText Library/Bee/artifacts/200b0aE.dag/Unity.Rider.Editor.dll.mvfrm.rsp
[411/952    0s] WriteText Library/Bee/artifacts/200b0aE.dag/Unity.RenderPipelines.Core.ShaderLibrary.dll.mvfrm.rsp
[412/952    0s] WriteText Library/Bee/artifacts/200b0aE.dag/Unity.VisualStudio.Editor.dll.mvfrm.rsp
[413/952    0s] WriteText Library/Bee/artifacts/200b0aE.dag/Unity.PlasticSCM.Editor.Assistant.dll.mvfrm.rsp
[414/952    0s] WriteText Library/Bee/artifacts/200b0aE.dag/Unity.RenderPipelines.ShaderGraph.ShaderGraphLibrary.dll.mvfrm.rsp
[415/952    0s] WriteText Library/Bee/artifacts/200b0aE.dag/Unity.Pipeline.Editor.dll.mvfrm.rsp
[416/952    0s] WriteText Library/Bee/artifacts/200b0aE.dag/Unity.InputSystem.ForUI.Editor.dll.mvfrm.rsp
[417/952    0s] WriteText Library/Bee/artifacts/200b0aE.dag/Unity.Timeline.Editor.dll.mvfrm.rsp
[418/952    0s] WriteText Library/Bee/artifacts/200b0aE.dag/Unity.Collections.Tests.CoreCLR.PublicJobPrivateGeneric.dll.mvfrm.rsp
[419/952    0s] WriteText Library/Bee/artifacts/200b0aE.dag/Unity.VisualScripting.SettingsProvider.Editor.dll.mvfrm.rsp
[420/952    0s] WriteText Library/Bee/artifacts/200b0aE.dag/Unity.RenderPipelines.Universal.2D.Editor.Overrides.dll.mvfrm.rsp
[421/952    0s] WriteText Library/Bee/artifacts/200b0aE.dag/Unity.TextMeshPro.Editor.dll.mvfrm.rsp
[422/952    0s] WriteText Library/Bee/artifacts/200b0aE.dag/Unity.Collections.Tests.CoreCLR.ProtectedJobNested.dll.mvfrm.rsp
[423/952    0s] WriteText Library/Bee/artifacts/200b0aE.dag/Unity.Collections.Tests.CoreCLR.PrivateJobNested.dll.mvfrm.rsp
[424/952    0s] WriteText Library/Bee/artifacts/200b0aE.dag/Unity.RenderPipelines.Universal.Editor.dll.mvfrm.rsp
[425/952    0s] WriteText Library/Bee/artifacts/200b0aE.dag/Unity.Collections.Tests.CoreCLR.InternalJobNestedPrivate.dll.mvfrm.rsp
[426/952    0s] WriteText Library/Bee/artifacts/200b0aE.dag/Unity.VisualScripting.Shared.Editor.dll.mvfrm.rsp
[427/952    0s] WriteText Library/Bee/artifacts/200b0aE.dag/Unity.AI.Navigation.Updater.dll.mvfrm.rsp
[428/952    0s] WriteText Library/Bee/artifacts/200b0aE.dag/Unity.Collections.Editor.dll.mvfrm.rsp
[429/952    0s] WriteText Library/Bee/artifacts/200b0aE.dag/Unity.Rendering.LightTransport.Editor.dll.mvfrm.rsp
[430/952    0s] WriteText Library/Bee/artifacts/200b0aE.dag/UnityEditor.UI.Analytics.dll.mvfrm.rsp
[431/952    0s] WriteText Library/Bee/artifacts/200b0aE.dag/Unity.RenderPipelines.Universal.Shaders.dll.mvfrm.rsp
[432/952    0s] WriteText Library/Bee/artifacts/200b0aE.dag/Unity.VisualStudio.Editor.rsp
[433/952    0s] WriteText Library/Bee/artifacts/200b0aE.dag/Unity.Rider.Editor.rsp
[434/952    0s] WriteText Library/Bee/artifacts/200b0aE.dag/UnityEditor.UI.Analytics.rsp
[435/952    0s] WriteText Library/Bee/artifacts/200b0aE.dag/Unity.Rendering.LightTransport.Editor.rsp
[436/952    0s] WriteText Library/Bee/artifacts/200b0aE.dag/Unity.RenderPipelines.Universal.Shaders.rsp
[437/952    0s] WriteText Library/Bee/artifacts/200b0aE.dag/Unity.TextMeshPro.Editor.rsp
[438/952    0s] WriteText Library/Bee/artifacts/200b0aE.dag/Unity.RenderPipelines.Universal.Editor.rsp
[439/952    0s] WriteText Library/Bee/artifacts/200b0aE.dag/Unity.Timeline.Editor.rsp
[440/952    0s] WriteText Library/Bee/artifacts/200b0aE.dag/Unity.RenderPipelines.Universal.2D.Editor.Overrides.rsp
[441/952    0s] WriteText Library/Bee/artifacts/200b0aE.dag/Unity.RenderPipelines.ShaderGraph.ShaderGraphLibrary.rsp
[442/952    0s] WriteText Library/Bee/artifacts/200b0aE.dag/Unity.PlasticSCM.Editor.Assistant.rsp
[443/952    0s] WriteText Library/Bee/artifacts/200b0aE.dag/Unity.Pipeline.Editor.rsp
[444/952    0s] WriteText Library/Bee/artifacts/200b0aE.dag/Unity.VisualScripting.SettingsProvider.Editor.rsp
[445/952    0s] WriteText Library/Bee/artifacts/200b0aE.dag/Unity.InputSystem.ForUI.Editor.rsp
[446/952    0s] WriteText Library/Bee/artifacts/200b0aE.dag/Unity.Collections.Tests.CoreCLR.PublicJobPrivateGeneric.rsp
[447/952    0s] WriteText Library/Bee/artifacts/200b0aE.dag/Unity.Collections.Tests.CoreCLR.ProtectedJobNested.rsp
[448/952    0s] WriteText Library/Bee/artifacts/200b0aE.dag/Unity.VisualScripting.Shared.Editor.rsp
[449/952    0s] WriteText Library/Bee/artifacts/200b0aE.dag/Unity.Collections.Tests.CoreCLR.PrivateJobNested.rsp
[450/952    0s] WriteText Library/Bee/artifacts/200b0aE.dag/Unity.Collections.Editor.rsp
[451/952    0s] WriteText Library/Bee/artifacts/200b0aE.dag/Unity.Collections.Tests.CoreCLR.InternalJobNestedPrivate.rsp
[452/952    0s] WriteText Library/Bee/artifacts/200b0aE.dag/Unity.AI.Navigation.Updater.rsp
[453/952    0s] WriteText Library/Bee/artifacts/200b0aE.dag/Unity.RenderPipelines.Core.ShaderLibrary.rsp
[454/952    0s] WriteText Library/Bee/artifacts/200b0aE.dag/Unity.PerformanceTesting.rsp2
[455/952    0s] WriteText Library/Bee/artifacts/200b0aE.dag/Unity.PerformanceTesting.UnityAdditionalFile.txt
[456/952    0s] WriteText Library/Bee/artifacts/200b0aE.dag/Unity.PerformanceTesting.dll.mvfrm.rsp
[457/952    0s] WriteText Library/Bee/artifacts/200b0aE.dag/Assembly-CSharp.rsp2
[458/952    0s] WriteText Library/Bee/artifacts/200b0aE.dag/Unity.PerformanceTesting.rsp
[459/952    0s] WriteText Library/Bee/artifacts/200b0aE.dag/Assembly-CSharp.dll.mvfrm.rsp
[460/952    0s] WriteText Library/Bee/artifacts/200b0aE.dag/Assembly-CSharp.rsp
[461/952    0s] WriteText Library/Bee/artifacts/200b0aE.dag/Assembly-CSharp.UnityAdditionalFile.txt
[462/952    0s] WriteText Library/Bee/artifacts/200b0aE.dag/Unity.VisualScripting.DocCodeExamples.dll.mvfrm.rsp
[463/952    0s] WriteText Library/Bee/artifacts/200b0aE.dag/Unity.InputSystem.TestFramework.dll.mvfrm.rsp
[464/952    0s] WriteText Library/Bee/artifacts/200b0aE.dag/Unity.CollabProxy.Editor.dll.mvfrm.rsp
[465/952    0s] WriteText Library/Bee/artifacts/200b0aE.dag/Unity.VisualScripting.DocCodeExamples.rsp2
[466/952    0s] WriteText Library/Bee/artifacts/200b0aE.dag/Unity.InputSystem.DocCodeSamples.dll.mvfrm.rsp
[467/952    0s] WriteText Library/Bee/artifacts/200b0aE.dag/Unity.InputSystem.TestFramework.UnityAdditionalFile.txt
[468/952    0s] WriteText Library/Bee/artifacts/200b0aE.dag/Unity.VisualScripting.DocCodeExamples.UnityAdditionalFile.txt
[469/952    0s] WriteText Library/Bee/artifacts/200b0aE.dag/Unity.InputSystem.TestFramework.rsp2
[470/952    0s] WriteText Library/Bee/artifacts/200b0aE.dag/Unity.PlasticSCM.Editor.Entities.dll.mvfrm.rsp
[471/952    0s] WriteText Library/Bee/artifacts/200b0aE.dag/Unity.PerformanceTesting.Editor.dll.mvfrm.rsp
[472/952    0s] WriteText Library/Bee/artifacts/200b0aE.dag/Unity.PlasticSCM.Editor.Entities.UnityAdditionalFile.txt
[473/952    0s] WriteText Library/Bee/artifacts/200b0aE.dag/Unity.PlasticSCM.Editor.Entities.rsp2
[474/952    0s] WriteText Library/Bee/artifacts/200b0aE.dag/Unity.PerformanceTesting.Editor.UnityAdditionalFile.txt
[475/952    0s] WriteText Library/Bee/artifacts/200b0aE.dag/Assembly-CSharp-Editor.dll.mvfrm.rsp
[476/952    0s] WriteText Library/Bee/artifacts/200b0aE.dag/Unity.InputSystem.TestFramework.rsp
[477/952    0s] WriteText Library/Bee/artifacts/200b0aE.dag/Unity.VisualScripting.DocCodeExamples.rsp
[478/952    0s] WriteText Library/Bee/artifacts/200b0aE.dag/Unity.InputSystem.DocCodeSamples.rsp2
[479/952    0s] WriteText Library/Bee/artifacts/200b0aE.dag/Unity.InputSystem.DocCodeSamples.UnityAdditionalFile.txt
[480/952    0s] WriteText Library/Bee/artifacts/200b0aE.dag/Unity.CollabProxy.Editor.rsp2
[481/952    0s] WriteText Library/Bee/artifacts/200b0aE.dag/Unity.CollabProxy.Editor.UnityAdditionalFile.txt
[482/952    0s] MovedFromExtractor Library/Bee/artifacts/mvdfrm/UnityEngine.NVIDIAModule.dll_B6ADF8FFDC82E1DD.mvfrm
[483/952    0s] WriteText Library/Bee/artifacts/200b0aE.dag/Assembly-CSharp-Editor.UnityAdditionalFile.txt
[484/952    0s] WriteText Library/Bee/artifacts/200b0aE.dag/Unity.PerformanceTesting.Editor.rsp2
[485/952    0s] WriteText Library/Bee/artifacts/200b0aE.dag/Unity.PlasticSCM.Editor.Entities.rsp
[486/952    0s] WriteText Library/Bee/artifacts/200b0aE.dag/Unity.PerformanceTesting.Editor.rsp
[487/952    0s] WriteText Library/Bee/artifacts/200b0aE.dag/Unity.CollabProxy.Editor.rsp
[488/952    0s] WriteText Library/Bee/artifacts/200b0aE.dag/Assembly-CSharp-Editor.rsp2
[489/952    0s] WriteText Library/Bee/artifacts/200b0aE.dag/Assembly-CSharp-Editor.rsp
[490/952    0s] WriteText Library/Bee/artifacts/200b0aE.dag/Unity.InputSystem.DocCodeSamples.rsp
[491/952    0s] MovedFromExtractor Library/Bee/artifacts/mvdfrm/UnityEngine.AMDModule.dll_2E73ED60F1A32FEA.mvfrm
[492/952    0s] MovedFromExtractor Library/Bee/artifacts/mvdfrm/UnityEngine.HierarchyModule.dll_5C60BC0AC474BB67.mvfrm
[493/952    0s] MovedFromExtractor Library/Bee/artifacts/mvdfrm/Unity.CompilationPipeline.Common.dll_B94A1227F481F214.mvfrm
[494/952    0s] MovedFromExtractor Library/Bee/artifacts/mvdfrm/UnityEngine.TestRunner.ref.dll_AA3B5DF2776E59D2.mvfrm
[495/952    0s] MovedFromExtractor-Combine Library/Bee/artifacts/200b0aE.dag/UnityEngine.UI.dll.mvfrm
[494/952    0s] Csc Library/Bee/artifacts/200b0aE.dag/UnityEngine.UI.dll (+2 others) [CacheHit 86f1f2aae4f6e61769378297151743f600000000000000000000000000000006]
[496/952    0s] Csc Library/Bee/artifacts/200b0aE.dag/UnityEngine.UI.dll (+2 others)
[498/952    0s] MovedFromExtractor-Combine Library/Bee/artifacts/200b0aE.dag/Unity.Pipeline.CodeGen.dll.mvfrm
[499/952    0s] MovedFromExtractor-Combine Library/Bee/artifacts/200b0aE.dag/UnityEditor.TestRunner.dll.mvfrm
[497/952    0s] Csc Library/Bee/artifacts/200b0aE.dag/Unity.Pipeline.CodeGen.dll (+2 others) [CacheHit 405a058e346f57c547309c91efb0ddb700000000000000000000000000000006]
[500/952    0s] Csc Library/Bee/artifacts/200b0aE.dag/Unity.Pipeline.CodeGen.dll (+2 others)
[502/952    0s] CopyFiles Library/ScriptAssemblies/Unity.Pipeline.CodeGen.dll
[503/952    0s] CopyFiles Library/ScriptAssemblies/Unity.Pipeline.CodeGen.pdb
[504/952    0s] MovedFromExtractor Library/Bee/artifacts/mvdfrm/UnityEngine.UI.ref.dll_79746E5030301F94.mvfrm
[501/952    0s] Csc Library/Bee/artifacts/200b0aE.dag/UnityEditor.TestRunner.dll (+2 others) [CacheHit bf8dc21301dea512546f91c9c686b25100000000000000000000000000000006]
[505/952    0s] Csc Library/Bee/artifacts/200b0aE.dag/UnityEditor.TestRunner.dll (+2 others)
[507/952    0s] MovedFromExtractor Library/Bee/artifacts/mvdfrm/UnityEditor.TestRunner.ref.dll_DE1D13444BAAFBE7.mvfrm
[508/952    0s] MovedFromExtractor-Combine Library/Bee/artifacts/200b0aE.dag/UnityEditor.UI.dll.mvfrm
[504/952    0s] Csc Library/Bee/artifacts/200b0aE.dag/UnityEditor.UI.dll (+2 others) [CacheHit 53a0d60d957a73a65aa29af03f10c39500000000000000000000000000000006]
[509/952    0s] Csc Library/Bee/artifacts/200b0aE.dag/UnityEditor.UI.dll (+2 others)
[511/952    0s] MovedFromExtractor Library/Bee/artifacts/mvdfrm/UnityEditor.UI.ref.dll_BD0E97F52A0DF729.mvfrm
[512/952    0s] MovedFromExtractor-Combine Library/Bee/artifacts/200b0aE.dag/Unity.InternalAPIEngineBridge.RenderPipelines.Core.Editor.dll.mvfrm
[513/952    0s] MovedFromExtractor-Combine Library/Bee/artifacts/200b0aE.dag/Unity.InputSystem.dll.mvfrm
[514/952    0s] MovedFromExtractor-Combine Library/Bee/artifacts/200b0aE.dag/Unity.InternalAPIEngineBridge.RenderPipelines.Core.Runtime.Shared.dll.mvfrm
[515/952    0s] MovedFromExtractor-Combine Library/Bee/artifacts/200b0aE.dag/Unity.Profiling.Core.dll.mvfrm
[516/952    0s] MovedFromExtractor-Combine Library/Bee/artifacts/200b0aE.dag/Unity.Burst.dll.mvfrm
[511/952    0s] Csc Library/Bee/artifacts/200b0aE.dag/Unity.InternalAPIEngineBridge.RenderPipelines.Core.Editor.dll (+2 others) [CacheHit af85162ee979a5adcfd1d813460cd8aa00000000000000000000000000000006]
[517/952    0s] Csc Library/Bee/artifacts/200b0aE.dag/Unity.InternalAPIEngineBridge.RenderPipelines.Core.Editor.dll (+2 others)
[519/952    0s] MovedFromExtractor-Combine Library/Bee/artifacts/200b0aE.dag/Unity.InternalAPIEditorBridge.ShaderGraph.Editor.dll.mvfrm
[520/952    0s] MovedFromExtractor-Combine Library/Bee/artifacts/200b0aE.dag/Unity.GraphAuthoring.Editor.dll.mvfrm
[521/952    0s] MovedFromExtractor-Combine Library/Bee/artifacts/200b0aE.dag/Unity.InternalAPIEngineBridge.ObjectDispatcher.Runtime.dll.mvfrm
[515/952    0s] Csc Library/Bee/artifacts/200b0aE.dag/Unity.InternalAPIEngineBridge.RenderPipelines.Core.Runtime.Shared.dll (+2 others) [CacheHit b918c07525cc92ea13f8c8d4df2a8f6500000000000000000000000000000006]
[522/952    0s] Csc Library/Bee/artifacts/200b0aE.dag/Unity.InternalAPIEngineBridge.RenderPipelines.Core.Runtime.Shared.dll (+2 others)
[516/952    0s] Csc Library/Bee/artifacts/200b0aE.dag/Unity.Profiling.Core.dll (+2 others) [CacheHit 536a3724070476924d32af9e0f8fc4d400000000000000000000000000000006]
[524/952    0s] Csc Library/Bee/artifacts/200b0aE.dag/Unity.Profiling.Core.dll (+2 others)
[517/952    0s] Csc Library/Bee/artifacts/200b0aE.dag/Unity.Burst.dll (+2 others) [CacheHit 53bf6308e1c4396347a299f0c97e275d00000000000000000000000000000006]
[526/952    0s] Csc Library/Bee/artifacts/200b0aE.dag/Unity.Burst.dll (+2 others)
[518/952    0s] Csc Library/Bee/artifacts/200b0aE.dag/Unity.InternalAPIEngineBridge.ObjectDispatcher.Runtime.dll (+2 others) [CacheHit 30150ecc4e486c489aad823cbea6f3cd00000000000000000000000000000006]
[528/952    0s] Csc Library/Bee/artifacts/200b0aE.dag/Unity.InternalAPIEngineBridge.ObjectDispatcher.Runtime.dll (+2 others)
[530/952    0s] MovedFromExtractor-Combine Library/Bee/artifacts/200b0aE.dag/Unity.Searcher.Editor.dll.mvfrm
[531/952    0s] MovedFromExtractor-Combine Library/Bee/artifacts/200b0aE.dag/Unity.InternalAPIEngineBridge.004.dll.mvfrm
[532/952    0s] MovedFromExtractor Library/Bee/artifacts/mvdfrm/Unity.Burst.ref.dll_A43E80D48102A6F4.mvfrm
[522/952    0s] Csc Library/Bee/artifacts/200b0aE.dag/Unity.Searcher.Editor.dll (+2 others) [CacheHit 8dbd2e3d69b3e62fabb6b35d9c2934e500000000000000000000000000000006]
[533/952    0s] Csc Library/Bee/artifacts/200b0aE.dag/Unity.Searcher.Editor.dll (+2 others)
[535/952    0s] MovedFromExtractor Library/Bee/artifacts/mvdfrm/Unity.InternalAPIEngineBridge.ObjectDispatcher.Runtime.ref.dll_785A4FCF84B4A538.mvfrm
[524/952    0s] Csc Library/Bee/artifacts/200b0aE.dag/Unity.InternalAPIEngineBridge.004.dll (+2 others) [CacheHit 1b9675dc6cb4f2960468de018821211b00000000000000000000000000000006]
[536/952    0s] Csc Library/Bee/artifacts/200b0aE.dag/Unity.InternalAPIEngineBridge.004.dll (+2 others)
[538/952    0s] MovedFromExtractor Library/Bee/artifacts/mvdfrm/Unity.InternalAPIEngineBridge.RenderPipelines.Core.Editor.ref.dll_350A7D2FAAB25127.mvfrm
[539/952    0s] MovedFromExtractor Library/Bee/artifacts/mvdfrm/Unity.Profiling.Core.ref.dll_A852EED04B1E1709.mvfrm
[527/952    0s] Csc Library/Bee/artifacts/200b0aE.dag/Unity.GraphAuthoring.Editor.dll (+2 others) [CacheHit 46e4ce7f7d2c6ed1d0884a5cbfcda1b800000000000000000000000000000006]
[540/952    0s] Csc Library/Bee/artifacts/200b0aE.dag/Unity.GraphAuthoring.Editor.dll (+2 others)
[528/952    0s] Csc Library/Bee/artifacts/200b0aE.dag/Unity.InternalAPIEditorBridge.ShaderGraph.Editor.dll (+2 others) [CacheHit a41c2c424cb26257a34a217c12dc4bff00000000000000000000000000000006]
[542/952    0s] Csc Library/Bee/artifacts/200b0aE.dag/Unity.InternalAPIEditorBridge.ShaderGraph.Editor.dll (+2 others)
[544/952    0s] MovedFromExtractor Library/Bee/artifacts/mvdfrm/Unity.InternalAPIEngineBridge.RenderPipelines.Core.Runtime.Shared.ref.dll_8B836F1B549C8D55.mvfrm
[530/952    0s] Csc Library/Bee/artifacts/200b0aE.dag/Unity.InputSystem.dll (+2 others) [CacheHit f88cf479a77d050b32dc438fa042fc8800000000000000000000000000000006]
[545/952    0s] Csc Library/Bee/artifacts/200b0aE.dag/Unity.InputSystem.dll (+2 others)
[547/952    0s] MovedFromExtractor-Combine Library/Bee/artifacts/200b0aE.dag/Unity.Collections.dll.mvfrm
[548/952    0s] MovedFromExtractor-Combine Library/Bee/artifacts/200b0aE.dag/Unity.AI.Navigation.dll.mvfrm
[549/952    0s] MovedFromExtractor-Combine Library/Bee/artifacts/200b0aE.dag/Unity.Pipeline.Attributes.dll.mvfrm
[           0s] Csc Library/Bee/artifacts/200b0aE.dag/Unity.AI.Navigation.dll (+2 others) [CacheMiss 13358d3880d3969b837fda9f71c07e1c00000000000000000000000000000006]
[534/952    0s] Csc Library/Bee/artifacts/200b0aE.dag/Unity.Pipeline.Attributes.dll (+2 others) [CacheHit cad0e6dbd3e91dbc4bfd9dd6ad867ea500000000000000000000000000000006]
[550/952    0s] Csc Library/Bee/artifacts/200b0aE.dag/Unity.Pipeline.Attributes.dll (+2 others)
[552/952    0s] MovedFromExtractor-Combine Library/Bee/artifacts/200b0aE.dag/Unity.ShaderGraph.Utilities.dll.mvfrm
[553/952    0s] MovedFromExtractor-Combine Library/Bee/artifacts/200b0aE.dag/Unity.AI.Navigation.Editor.ConversionSystem.dll.mvfrm
[554/952    0s] MovedFromExtractor-Combine Library/Bee/artifacts/200b0aE.dag/Unity.Pipeline.IlInterpreter.dll.mvfrm
[555/952    0s] MovedFromExtractor Library/Bee/artifacts/mvdfrm/Unity.InternalAPIEditorBridge.ShaderGraph.Editor.ref.dll_3CE33EB70E301A0F.mvfrm
[539/952    0s] Csc Library/Bee/artifacts/200b0aE.dag/Unity.ShaderGraph.Utilities.dll (+2 others) [CacheHit 5680703334be1c7e3a9ab9a9e45693c100000000000000000000000000000006]
[556/952    0s] Csc Library/Bee/artifacts/200b0aE.dag/Unity.ShaderGraph.Utilities.dll (+2 others)
[           0s] Csc Library/Bee/artifacts/200b0aE.dag/Unity.AI.Navigation.Editor.ConversionSystem.dll (+2 others) [CacheMiss 60d37f92a8402cdedb290f3e18d13a8f00000000000000000000000000000006]
[           0s] Csc Library/Bee/artifacts/200b0aE.dag/Unity.Collections.dll (+2 others) [CacheMiss 2c7e1c6e584bbb7988a2034a77a3547e00000000000000000000000000000006]
[540/952    0s] Csc Library/Bee/artifacts/200b0aE.dag/Unity.Pipeline.IlInterpreter.dll (+2 others) [CacheHit f157d69ca5b99c56f2776b3adfc823f300000000000000000000000000000006]
[558/952    0s] Csc Library/Bee/artifacts/200b0aE.dag/Unity.Pipeline.IlInterpreter.dll (+2 others)
[560/952    0s] MovedFromExtractor Library/Bee/artifacts/mvdfrm/Unity.InputSystem.ref.dll_62EC740DD3AB3A8D.mvfrm
[561/952    0s] MovedFromExtractor Library/Bee/artifacts/mvdfrm/Unity.GraphAuthoring.Editor.ref.dll_0AAAA070EA911536.mvfrm
[562/952    0s] MovedFromExtractor Library/Bee/artifacts/mvdfrm/Unity.InternalAPIEngineBridge.004.ref.dll_B056A82D7D167432.mvfrm
[563/952    0s] MovedFromExtractor Library/Bee/artifacts/mvdfrm/Unity.Searcher.Editor.ref.dll_188082AF4C893B1A.mvfrm
[564/952    0s] MovedFromExtractor-Combine Library/Bee/artifacts/200b0aE.dag/Unity.VisualScripting.Core.dll.mvfrm
[565/952    0s] MovedFromExtractor Library/Bee/artifacts/mvdfrm/Unity.Pipeline.IlInterpreter.ref.dll_A7AC6F6FEA5D080D.mvfrm
[566/952    0s] MovedFromExtractor Library/Bee/artifacts/mvdfrm/Unity.ShaderGraph.Utilities.ref.dll_9587680413563429.mvfrm
[567/952    0s] MovedFromExtractor Library/Bee/artifacts/mvdfrm/Unity.Pipeline.Attributes.ref.dll_BB97544D75B21357.mvfrm
[568/952    0s] MovedFromExtractor-Combine Library/Bee/artifacts/200b0aE.dag/Unity.PlasticSCM.Editor.dll.mvfrm
[569/952    0s] MovedFromExtractor-Combine Library/Bee/artifacts/200b0aE.dag/Unity.TextMeshPro.dll.mvfrm
[551/952    0s] Csc Library/Bee/artifacts/200b0aE.dag/Unity.VisualScripting.Core.dll (+2 others) [CacheHit ad73706d5b821c5fb3713038fc1ad6f000000000000000000000000000000006]
[570/952    0s] Csc Library/Bee/artifacts/200b0aE.dag/Unity.VisualScripting.Core.dll (+2 others)
[572/952    0s] MovedFromExtractor-Combine Library/Bee/artifacts/200b0aE.dag/Unity.InputSystem.ForUI.dll.mvfrm
[573/952    0s] MovedFromExtractor-Combine Library/Bee/artifacts/200b0aE.dag/Unity.Pipeline.dll.mvfrm
[554/952    0s] Csc Library/Bee/artifacts/200b0aE.dag/Unity.TextMeshPro.dll (+2 others) [CacheHit d9178f868ed998240265d01facc93f6800000000000000000000000000000006]
[574/952    0s] Csc Library/Bee/artifacts/200b0aE.dag/Unity.TextMeshPro.dll (+2 others)
[555/952    0s] Csc Library/Bee/artifacts/200b0aE.dag/Unity.Pipeline.dll (+2 others) [CacheHit 61127dcfbeb59d771d56854c10a2887400000000000000000000000000000006]
[576/952    0s] Csc Library/Bee/artifacts/200b0aE.dag/Unity.Pipeline.dll (+2 others)
[556/952    0s] Csc Library/Bee/artifacts/200b0aE.dag/Unity.InputSystem.ForUI.dll (+2 others) [CacheHit f97d10244f5f3c7dd220432261093ba100000000000000000000000000000006]
[578/952    0s] Csc Library/Bee/artifacts/200b0aE.dag/Unity.InputSystem.ForUI.dll (+2 others)
[580/952    0s] MovedFromExtractor Library/Bee/artifacts/mvdfrm/Unity.VisualScripting.Core.ref.dll_4EC1FE8B3807FE28.mvfrm
[581/952    0s] MovedFromExtractor-Combine Library/Bee/artifacts/200b0aE.dag/Unity.Timeline.dll.mvfrm
[582/952    0s] MovedFromExtractor Library/Bee/artifacts/mvdfrm/Unity.TextMeshPro.ref.dll_EA61D4CF7C90DCE7.mvfrm
[583/952    0s] MovedFromExtractor Library/Bee/artifacts/mvdfrm/Unity.InputSystem.ForUI.ref.dll_AAF6E30B590FA4FC.mvfrm
[561/952    0s] Csc Library/Bee/artifacts/200b0aE.dag/Unity.PlasticSCM.Editor.dll (+2 others) [CacheHit 1643fc2ce274cd521f5cbcde74216c7100000000000000000000000000000006]
[584/952    0s] Csc Library/Bee/artifacts/200b0aE.dag/Unity.PlasticSCM.Editor.dll (+2 others)
[586/952    0s] MovedFromExtractor-Combine Library/Bee/artifacts/200b0aE.dag/Unity.VisualScripting.Flow.dll.mvfrm
[563/952    0s] Csc Library/Bee/artifacts/200b0aE.dag/Unity.Timeline.dll (+2 others) [CacheHit 3d39bb463ff54ecf4c75e51d0d268cbb00000000000000000000000000000006]
[587/952    0s] Csc Library/Bee/artifacts/200b0aE.dag/Unity.Timeline.dll (+2 others)
[589/952    0s] MovedFromExtractor-Combine Library/Bee/artifacts/200b0aE.dag/Unity.VisualScripting.Core.Editor.dll.mvfrm
[590/952    0s] MovedFromExtractor Library/Bee/artifacts/mvdfrm/Unity.Pipeline.ref.dll_2E49A0129FFFBFB4.mvfrm
[591/952    0s] MovedFromExtractor Library/Bee/artifacts/mvdfrm/Unity.PlasticSCM.Editor.ref.dll_CBF917C274624EE2.mvfrm
[567/952    0s] Csc Library/Bee/artifacts/200b0aE.dag/Unity.VisualScripting.Flow.dll (+2 others) [CacheHit 8be559eaa16c7088b32742ea534309d600000000000000000000000000000006]
[592/952    0s] Csc Library/Bee/artifacts/200b0aE.dag/Unity.VisualScripting.Flow.dll (+2 others)
[594/952    0s] MovedFromExtractor Library/Bee/artifacts/mvdfrm/Unity.Timeline.ref.dll_D292A1F7EB1601C3.mvfrm
[569/952    0s] Csc Library/Bee/artifacts/200b0aE.dag/Unity.VisualScripting.Core.Editor.dll (+2 others) [CacheHit 34757b977287374e8fa6633401627c3f00000000000000000000000000000006]
[595/952    0s] Csc Library/Bee/artifacts/200b0aE.dag/Unity.VisualScripting.Core.Editor.dll (+2 others)
[597/952    0s] MovedFromExtractor-Combine Library/Bee/artifacts/200b0aE.dag/Unity.VisualStudio.Editor.dll.mvfrm
[598/952    0s] MovedFromExtractor-Combine Library/Bee/artifacts/200b0aE.dag/Unity.Rider.Editor.dll.mvfrm
[599/952    0s] MovedFromExtractor Library/Bee/artifacts/mvdfrm/Unity.VisualScripting.Flow.ref.dll_95D2DEE1BA1172D7.mvfrm
[600/952    0s] MovedFromExtractor-Combine Library/Bee/artifacts/200b0aE.dag/Unity.Timeline.Editor.dll.mvfrm
[601/952    0s] MovedFromExtractor-Combine Library/Bee/artifacts/200b0aE.dag/Unity.Pipeline.Editor.dll.mvfrm
[602/952    0s] MovedFromExtractor Library/Bee/artifacts/mvdfrm/Unity.VisualScripting.Core.Editor.ref.dll_FE8D1F6CE20A2409.mvfrm
[603/952    0s] MovedFromExtractor-Combine Library/Bee/artifacts/200b0aE.dag/Unity.PlasticSCM.Editor.Assistant.dll.mvfrm
[604/952    0s] MovedFromExtractor-Combine Library/Bee/artifacts/200b0aE.dag/Unity.InputSystem.ForUI.Editor.dll.mvfrm
[605/952    0s] MovedFromExtractor-Combine Library/Bee/artifacts/200b0aE.dag/Unity.VisualScripting.State.dll.mvfrm
[579/952    0s] Csc Library/Bee/artifacts/200b0aE.dag/Unity.VisualScripting.State.dll (+2 others) [CacheHit 04c993fbe5abc76a8f454fb561d7243100000000000000000000000000000006]
[606/952    0s] Csc Library/Bee/artifacts/200b0aE.dag/Unity.VisualScripting.State.dll (+2 others)
[608/952    0s] MovedFromExtractor-Combine Library/Bee/artifacts/200b0aE.dag/Unity.RenderPipelines.ShaderGraph.ShaderGraphLibrary.dll.mvfrm
[609/952    0s] MovedFromExtractor-Combine Library/Bee/artifacts/200b0aE.dag/UnityEditor.UI.Analytics.dll.mvfrm
[610/952    0s] MovedFromExtractor-Combine Library/Bee/artifacts/200b0aE.dag/Unity.VisualScripting.Flow.Editor.dll.mvfrm
[611/952    0s] MovedFromExtractor-Combine Library/Bee/artifacts/200b0aE.dag/Unity.RenderPipelines.Core.ShaderLibrary.dll.mvfrm
[584/952    0s] Csc Library/Bee/artifacts/200b0aE.dag/Unity.Rider.Editor.dll (+2 others) [CacheHit 81c9cfddd79f7865f661b4746fae798d00000000000000000000000000000006]
[612/952    0s] Csc Library/Bee/artifacts/200b0aE.dag/Unity.Rider.Editor.dll (+2 others)
[614/952    0s] MovedFromExtractor Library/Bee/artifacts/mvdfrm/Unity.VisualScripting.State.ref.dll_697AC546F729FDEE.mvfrm
[586/952    0s] Csc Library/Bee/artifacts/200b0aE.dag/Unity.VisualScripting.Flow.Editor.dll (+2 others) [CacheHit ca979befb094ee855e21f224df23f28b00000000000000000000000000000006]
[615/952    0s] Csc Library/Bee/artifacts/200b0aE.dag/Unity.VisualScripting.Flow.Editor.dll (+2 others)
[587/952    0s] Csc Library/Bee/artifacts/200b0aE.dag/Unity.VisualStudio.Editor.dll (+2 others) [CacheHit 2fea30d5f2a6b71811611631f67df1e800000000000000000000000000000006]
[617/952    0s] Csc Library/Bee/artifacts/200b0aE.dag/Unity.VisualStudio.Editor.dll (+2 others)
[588/952    0s] Csc Library/Bee/artifacts/200b0aE.dag/Unity.RenderPipelines.Core.ShaderLibrary.dll (+2 others) [CacheHit ca681e6b2cd508a31da1ae9d493f8c1b00000000000000000000000000000006]
[619/952    0s] Csc Library/Bee/artifacts/200b0aE.dag/Unity.RenderPipelines.Core.ShaderLibrary.dll (+2 others)
[621/952    0s] MovedFromExtractor-Combine Library/Bee/artifacts/200b0aE.dag/Unity.Rendering.LightTransport.Editor.dll.mvfrm
[590/952    0s] Csc Library/Bee/artifacts/200b0aE.dag/UnityEditor.UI.Analytics.dll (+2 others) [CacheHit c17cd94468a61274689eb8ba56a3a75000000000000000000000000000000006]
[622/952    0s] Csc Library/Bee/artifacts/200b0aE.dag/UnityEditor.UI.Analytics.dll (+2 others)
[591/952    0s] Csc Library/Bee/artifacts/200b0aE.dag/Unity.RenderPipelines.ShaderGraph.ShaderGraphLibrary.dll (+2 others) [CacheHit 20411d29c6506c08a4fe8e76e0e91a4800000000000000000000000000000006]
[624/952    0s] Csc Library/Bee/artifacts/200b0aE.dag/Unity.RenderPipelines.ShaderGraph.ShaderGraphLibrary.dll (+2 others)
[626/952    0s] Csc Library/Bee/artifacts/200b0aE.dag/Unity.AI.Navigation.Editor.ConversionSystem.dll (+2 others)
[           0s] Csc Library/Bee/artifacts/200b0aE.dag/Unity.AI.Navigation.Editor.ConversionSystem.dll (+2 others) [CacheWrite 60d37f92a8402cdedb290f3e18d13a8f00000000000000000000000000000006]
[627/952    0s] Csc Library/Bee/artifacts/200b0aE.dag/Unity.AI.Navigation.dll (+2 others)
[592/952    0s] Csc Library/Bee/artifacts/200b0aE.dag/Unity.Rendering.LightTransport.Editor.dll (+2 others) [CacheHit d91d5eaa49a13497bb885ddb3cbff3f900000000000000000000000000000006]
[628/952    0s] Csc Library/Bee/artifacts/200b0aE.dag/Unity.Rendering.LightTransport.Editor.dll (+2 others)
[593/952    0s] Csc Library/Bee/artifacts/200b0aE.dag/Unity.InputSystem.ForUI.Editor.dll (+2 others) [CacheHit 99574b662fc5f5dd32b7d3344974d99f00000000000000000000000000000006]
[630/952    0s] Csc Library/Bee/artifacts/200b0aE.dag/Unity.InputSystem.ForUI.Editor.dll (+2 others)
[632/952    0s] MovedFromExtractor-Combine Library/Bee/artifacts/200b0aE.dag/Unity.RenderPipelines.Universal.Shaders.dll.mvfrm
[596/952    0s] Csc Library/Bee/artifacts/200b0aE.dag/Unity.PlasticSCM.Editor.Assistant.dll (+2 others) [CacheHit 66036447b9357d54b7007c801f82bc1400000000000000000000000000000006]
[633/952    0s] Csc Library/Bee/artifacts/200b0aE.dag/Unity.PlasticSCM.Editor.Assistant.dll (+2 others)
[           0s] Csc Library/Bee/artifacts/200b0aE.dag/Unity.AI.Navigation.dll (+2 others) [CacheWrite 13358d3880d3969b837fda9f71c07e1c00000000000000000000000000000006]
[598/952    0s] Csc Library/Bee/artifacts/200b0aE.dag/Unity.RenderPipelines.Universal.Shaders.dll (+2 others) [CacheHit cdd80f4eff93be47fb31b347cc01c83f00000000000000000000000000000006]
[635/952    0s] Csc Library/Bee/artifacts/200b0aE.dag/Unity.RenderPipelines.Universal.Shaders.dll (+2 others)
[599/952    0s] Csc Library/Bee/artifacts/200b0aE.dag/Unity.Pipeline.Editor.dll (+2 others) [CacheHit a9b5be3a598a43ecfbbd4a4dfaf7b08200000000000000000000000000000006]
[637/952    0s] Csc Library/Bee/artifacts/200b0aE.dag/Unity.Pipeline.Editor.dll (+2 others)
[600/952    0s] Csc Library/Bee/artifacts/200b0aE.dag/Unity.Timeline.Editor.dll (+2 others) [CacheHit a3591471e673ba7413206161ae6e6ad000000000000000000000000000000006]
[639/952    0s] Csc Library/Bee/artifacts/200b0aE.dag/Unity.Timeline.Editor.dll (+2 others)
[641/952    0s] MovedFromExtractor Library/Bee/artifacts/mvdfrm/Unity.VisualScripting.Flow.Editor.ref.dll_7BBE081BF0E8AF4A.mvfrm
[642/952    0s] MovedFromExtractor-Combine Library/Bee/artifacts/200b0aE.dag/Unity.PerformanceTesting.dll.mvfrm
[643/952    0s] MovedFromExtractor Library/Bee/artifacts/mvdfrm/Unity.AI.Navigation.Editor.ConversionSystem.ref.dll_B533E0F362656246.mvfrm
[644/952    0s] MovedFromExtractor Library/Bee/artifacts/mvdfrm/Unity.RenderPipelines.Universal.Shaders.ref.dll_050F300D13D769AC.mvfrm
[645/952    0s] MovedFromExtractor Library/Bee/artifacts/mvdfrm/Unity.AI.Navigation.ref.dll_62FEAEE8B284189E.mvfrm
[646/952    0s] MovedFromExtractor Library/Bee/artifacts/mvdfrm/Unity.Pipeline.Editor.ref.dll_99F4F941C7ED3F3D.mvfrm
[647/952    0s] MovedFromExtractor Library/Bee/artifacts/mvdfrm/Unity.Timeline.Editor.ref.dll_1305DD42619CF31E.mvfrm
[648/952    0s] MovedFromExtractor-Combine Library/Bee/artifacts/200b0aE.dag/Unity.VisualScripting.State.Editor.dll.mvfrm
[649/952    0s] MovedFromExtractor-Combine Library/Bee/artifacts/200b0aE.dag/Unity.VisualScripting.SettingsProvider.Editor.dll.mvfrm
[610/952    0s] Csc Library/Bee/artifacts/200b0aE.dag/Unity.PerformanceTesting.dll (+2 others) [CacheHit e15828ea1df21cfc0fc9a03ae8d5152900000000000000000000000000000006]
[650/952    0s] Csc Library/Bee/artifacts/200b0aE.dag/Unity.PerformanceTesting.dll (+2 others)
[652/952    0s] MovedFromExtractor Library/Bee/artifacts/mvdfrm/Unity.PlasticSCM.Editor.Assistant.ref.dll_9EF4744F1437BA32.mvfrm
[612/952    0s] Csc Library/Bee/artifacts/200b0aE.dag/Unity.VisualScripting.SettingsProvider.Editor.dll (+2 others) [CacheHit c4147cce7d1b2374843dc3f1badc8f2b00000000000000000000000000000006]
[653/952    0s] Csc Library/Bee/artifacts/200b0aE.dag/Unity.VisualScripting.SettingsProvider.Editor.dll (+2 others)
[613/952    0s] Csc Library/Bee/artifacts/200b0aE.dag/Unity.VisualScripting.State.Editor.dll (+2 others) [CacheHit 08a9b5f414897f1c8e95987d26b3459100000000000000000000000000000006]
[655/952    0s] Csc Library/Bee/artifacts/200b0aE.dag/Unity.VisualScripting.State.Editor.dll (+2 others)
[657/952    0s] MovedFromExtractor Library/Bee/artifacts/mvdfrm/Unity.InputSystem.ForUI.Editor.ref.dll_D8E9CCF4FBC84675.mvfrm
[658/952    0s] MovedFromExtractor-Combine Library/Bee/artifacts/200b0aE.dag/Unity.AI.Navigation.Editor.dll.mvfrm
[           0s] Csc Library/Bee/artifacts/200b0aE.dag/Unity.AI.Navigation.Editor.dll (+2 others) [CacheMiss 09ca54fa7a4b6782b624bc52b596342c00000000000000000000000000000006]
[659/952    0s] MovedFromExtractor Library/Bee/artifacts/mvdfrm/Unity.Rendering.LightTransport.Editor.ref.dll_B243E984A9C458BA.mvfrm
[660/952    0s] MovedFromExtractor Library/Bee/artifacts/mvdfrm/Unity.VisualScripting.State.Editor.ref.dll_BC6ADFF987BC82A3.mvfrm
[661/952    0s] MovedFromExtractor Library/Bee/artifacts/mvdfrm/Unity.VisualScripting.SettingsProvider.Editor.ref.dll_AD2FFB7646FD92B4.mvfrm
[662/952    0s] MovedFromExtractor Library/Bee/artifacts/mvdfrm/UnityEditor.UI.Analytics.ref.dll_EB7E26C292B13811.mvfrm
[663/952    0s] MovedFromExtractor Library/Bee/artifacts/mvdfrm/Unity.RenderPipelines.ShaderGraph.ShaderGraphLibrary.ref.dll_4AD9CE269414E4CC.mvfrm
[664/952    0s] MovedFromExtractor Library/Bee/artifacts/mvdfrm/Unity.VisualStudio.Editor.ref.dll_F37C0F1BA2EC04B9.mvfrm
[665/952    0s] MovedFromExtractor-Combine Library/Bee/artifacts/200b0aE.dag/Unity.VisualScripting.Shared.Editor.dll.mvfrm
[666/952    0s] MovedFromExtractor Library/Bee/artifacts/mvdfrm/Unity.RenderPipelines.Core.ShaderLibrary.ref.dll_8EDD8A7C38E993CC.mvfrm
[667/952    0s] MovedFromExtractor-Combine Library/Bee/artifacts/200b0aE.dag/Unity.VisualScripting.DocCodeExamples.dll.mvfrm
[625/952    0s] Csc Library/Bee/artifacts/200b0aE.dag/Unity.VisualScripting.Shared.Editor.dll (+2 others) [CacheHit 195d5ceb3ff0112dbaa94ddcfe10b3d600000000000000000000000000000006]
[668/952    0s] Csc Library/Bee/artifacts/200b0aE.dag/Unity.VisualScripting.Shared.Editor.dll (+2 others)
[670/952    0s] MovedFromExtractor Library/Bee/artifacts/mvdfrm/Unity.PerformanceTesting.ref.dll_A9B74A479D61B912.mvfrm
[671/952    0s] MovedFromExtractor Library/Bee/artifacts/mvdfrm/Unity.Rider.Editor.ref.dll_A276D0F1D4D046E3.mvfrm
[672/952    0s] MovedFromExtractor-Combine Library/Bee/artifacts/200b0aE.dag/Unity.InputSystem.TestFramework.dll.mvfrm
[629/952    0s] Csc Library/Bee/artifacts/200b0aE.dag/Unity.InputSystem.TestFramework.dll (+2 others) [CacheHit a142def3afb94f41e708bece1e12f77e00000000000000000000000000000006]
[673/952    0s] Csc Library/Bee/artifacts/200b0aE.dag/Unity.InputSystem.TestFramework.dll (+2 others)
[675/952    0s] MovedFromExtractor-Combine Library/Bee/artifacts/200b0aE.dag/Unity.PlasticSCM.Editor.Entities.dll.mvfrm
[631/952    0s] Csc Library/Bee/artifacts/200b0aE.dag/Unity.VisualScripting.DocCodeExamples.dll (+2 others) [CacheHit 75229f0b685c61ca8bd4288c3cbe22a600000000000000000000000000000006]
[676/952    0s] Csc Library/Bee/artifacts/200b0aE.dag/Unity.VisualScripting.DocCodeExamples.dll (+2 others)
[678/952    0s] CopyFiles Library/ScriptAssemblies/Unity.VisualStudio.Editor.pdb
[679/952    0s] CopyFiles Library/ScriptAssemblies/Unity.VisualStudio.Editor.dll
[680/952    0s] CopyFiles Library/ScriptAssemblies/Unity.Rider.Editor.pdb
[681/952    0s] CopyFiles Library/ScriptAssemblies/Unity.Rider.Editor.dll
[682/952    0s] MovedFromExtractor Library/Bee/artifacts/mvdfrm/Unity.VisualScripting.Shared.Editor.ref.dll_CBD4E358CB8CDF43.mvfrm
[683/952    0s] MovedFromExtractor-Combine Library/Bee/artifacts/200b0aE.dag/Unity.CollabProxy.Editor.dll.mvfrm
[684/952    0s] MovedFromExtractor-Combine Library/Bee/artifacts/200b0aE.dag/Unity.PerformanceTesting.Editor.dll.mvfrm
[685/952    0s] MovedFromExtractor-Combine Library/Bee/artifacts/200b0aE.dag/Unity.InputSystem.DocCodeSamples.dll.mvfrm
[640/952    0s] Csc Library/Bee/artifacts/200b0aE.dag/Unity.PlasticSCM.Editor.Entities.dll (+2 others) [CacheHit e7dac637570b3b10dd7d8c6c0e7c769800000000000000000000000000000006]
[686/952    0s] Csc Library/Bee/artifacts/200b0aE.dag/Unity.PlasticSCM.Editor.Entities.dll (+2 others)
[641/952    0s] Csc Library/Bee/artifacts/200b0aE.dag/Unity.InputSystem.DocCodeSamples.dll (+2 others) [CacheHit ef389a19d644b926b8a39b22361180da00000000000000000000000000000006]
[688/952    0s] Csc Library/Bee/artifacts/200b0aE.dag/Unity.InputSystem.DocCodeSamples.dll (+2 others)
[642/952    0s] Csc Library/Bee/artifacts/200b0aE.dag/Unity.CollabProxy.Editor.dll (+2 others) [CacheHit b80a2f505ed72f1141bd03d17b64927400000000000000000000000000000006]
[690/952    0s] Csc Library/Bee/artifacts/200b0aE.dag/Unity.CollabProxy.Editor.dll (+2 others)
[643/952    0s] Csc Library/Bee/artifacts/200b0aE.dag/Unity.PerformanceTesting.Editor.dll (+2 others) [CacheHit feb40e2f295920cbef8cefbc50eedf7700000000000000000000000000000006]
[692/952    0s] Csc Library/Bee/artifacts/200b0aE.dag/Unity.PerformanceTesting.Editor.dll (+2 others)
[694/952    0s] Csc Library/Bee/artifacts/200b0aE.dag/Unity.AI.Navigation.Editor.dll (+2 others)
[           0s] Csc Library/Bee/artifacts/200b0aE.dag/Unity.AI.Navigation.Editor.dll (+2 others) [CacheWrite 09ca54fa7a4b6782b624bc52b596342c00000000000000000000000000000006]
[695/952    0s] MovedFromExtractor Library/Bee/artifacts/mvdfrm/Unity.AI.Navigation.Editor.ref.dll_F0EDAB69F288A2F3.mvfrm
[696/952    0s] MovedFromExtractor-Combine Library/Bee/artifacts/200b0aE.dag/Unity.AI.Navigation.Updater.dll.mvfrm
[           0s] Csc Library/Bee/artifacts/200b0aE.dag/Unity.AI.Navigation.Updater.dll (+2 others) [CacheMiss c464ac4a9ce18770a961c09034a0511900000000000000000000000000000006]
[697/952    0s] Csc Library/Bee/artifacts/200b0aE.dag/Unity.AI.Navigation.Updater.dll (+2 others)
[           0s] Csc Library/Bee/artifacts/200b0aE.dag/Unity.AI.Navigation.Updater.dll (+2 others) [CacheWrite c464ac4a9ce18770a961c09034a0511900000000000000000000000000000006]
[698/952    0s] MovedFromExtractor Library/Bee/artifacts/mvdfrm/Unity.AI.Navigation.Updater.ref.dll_C51C3847CE9500F9.mvfrm
[699/952    2s] Csc Library/Bee/artifacts/200b0aE.dag/Unity.Collections.dll (+2 others)
[           0s] Csc Library/Bee/artifacts/200b0aE.dag/Unity.Collections.dll (+2 others) [CacheWrite 2c7e1c6e584bbb7988a2034a77a3547e00000000000000000000000000000006]
[700/952    0s] MovedFromExtractor Library/Bee/artifacts/mvdfrm/Unity.Collections.ref.dll_CB2B1FA2A63FF8D9.mvfrm
[701/952    0s] MovedFromExtractor-Combine Library/Bee/artifacts/200b0aE.dag/Unity.Collections.Tests.CoreCLR.InternalJobNestedPrivate.dll.mvfrm
[702/952    0s] MovedFromExtractor-Combine Library/Bee/artifacts/200b0aE.dag/Unity.Collections.Editor.dll.mvfrm
[703/952    0s] MovedFromExtractor-Combine Library/Bee/artifacts/200b0aE.dag/Unity.Collections.Tests.CoreCLR.PublicJobPrivateGeneric.dll.mvfrm
[704/952    0s] MovedFromExtractor-Combine Library/Bee/artifacts/200b0aE.dag/Unity.Collections.CodeGen.dll.mvfrm
[705/952    0s] MovedFromExtractor-Combine Library/Bee/artifacts/200b0aE.dag/Unity.Collections.Tests.CoreCLR.PrivateJobNested.dll.mvfrm
[656/952    0s] Csc Library/Bee/artifacts/200b0aE.dag/Unity.Collections.Tests.CoreCLR.InternalJobNestedPrivate.dll (+2 others) [CacheHit c2a8e52b492a75fa6d5c032fcd981edd00000000000000000000000000000006]
[706/952    0s] Csc Library/Bee/artifacts/200b0aE.dag/Unity.Collections.Tests.CoreCLR.InternalJobNestedPrivate.dll (+2 others)
[657/952    0s] Csc Library/Bee/artifacts/200b0aE.dag/Unity.Collections.Editor.dll (+2 others) [CacheHit 7a5808a071202890c1121a245dfddfe800000000000000000000000000000006]
[708/952    0s] Csc Library/Bee/artifacts/200b0aE.dag/Unity.Collections.Editor.dll (+2 others)
[658/952    0s] Csc Library/Bee/artifacts/200b0aE.dag/Unity.Collections.Tests.CoreCLR.PublicJobPrivateGeneric.dll (+2 others) [CacheHit c754527e1e017e16e51e866f59748c7600000000000000000000000000000006]
[710/952    0s] Csc Library/Bee/artifacts/200b0aE.dag/Unity.Collections.Tests.CoreCLR.PublicJobPrivateGeneric.dll (+2 others)
[659/952    0s] Csc Library/Bee/artifacts/200b0aE.dag/Unity.Collections.CodeGen.dll (+2 others) [CacheHit 0c84df278482726ea8b638d7fce5e76f00000000000000000000000000000006]
[712/952    0s] Csc Library/Bee/artifacts/200b0aE.dag/Unity.Collections.CodeGen.dll (+2 others)
[714/952    0s] MovedFromExtractor-Combine Library/Bee/artifacts/200b0aE.dag/Unity.UnifiedRayTracing.Runtime.dll.mvfrm
[715/952    0s] MovedFromExtractor-Combine Library/Bee/artifacts/200b0aE.dag/Unity.RenderPipelines.Core.Runtime.dll.mvfrm
[716/952    0s] MovedFromExtractor-Combine Library/Bee/artifacts/200b0aE.dag/Unity.Collections.Tests.CoreCLR.ProtectedJobNested.dll.mvfrm
[663/952    0s] Csc Library/Bee/artifacts/200b0aE.dag/Unity.Collections.Tests.CoreCLR.ProtectedJobNested.dll (+2 others) [CacheHit 9b6b15bbbbdc4d6fa599d7f50c242e6900000000000000000000000000000006]
[717/952    0s] Csc Library/Bee/artifacts/200b0aE.dag/Unity.Collections.Tests.CoreCLR.ProtectedJobNested.dll (+2 others)
[           0s] Csc Library/Bee/artifacts/200b0aE.dag/Unity.UnifiedRayTracing.Runtime.dll (+2 others) [CacheMiss 852ef16dd5c4d58346092cb716a7b50900000000000000000000000000000006]
[           0s] Csc Library/Bee/artifacts/200b0aE.dag/Unity.RenderPipelines.Core.Runtime.dll (+2 others) [CacheMiss e81bed59781e4f9f8d0f89789899a56f00000000000000000000000000000006]
[664/952    0s] Csc Library/Bee/artifacts/200b0aE.dag/Unity.Collections.Tests.CoreCLR.PrivateJobNested.dll (+2 others) [CacheHit d02f231126331767786f4b32bb4507dd00000000000000000000000000000006]
[719/952    0s] Csc Library/Bee/artifacts/200b0aE.dag/Unity.Collections.Tests.CoreCLR.PrivateJobNested.dll (+2 others)
[721/952    0s] MovedFromExtractor Library/Bee/artifacts/mvdfrm/Unity.Collections.Tests.CoreCLR.InternalJobNestedPrivate.ref.dll_F7703ED216827DB8.mvfrm
[722/952    0s] CopyFiles Library/ScriptAssemblies/Unity.Collections.CodeGen.pdb
[723/952    0s] CopyFiles Library/ScriptAssemblies/Unity.Collections.CodeGen.dll
[724/952    0s] MovedFromExtractor Library/Bee/artifacts/mvdfrm/Unity.Collections.Editor.ref.dll_94629FB7B2A83F68.mvfrm
[725/952    0s] MovedFromExtractor Library/Bee/artifacts/mvdfrm/Unity.Collections.Tests.CoreCLR.PublicJobPrivateGeneric.ref.dll_1E443986404FFC22.mvfrm
[726/952    0s] MovedFromExtractor Library/Bee/artifacts/mvdfrm/Unity.Collections.Tests.CoreCLR.ProtectedJobNested.ref.dll_063398E05395DA92.mvfrm
[727/952    0s] MovedFromExtractor Library/Bee/artifacts/mvdfrm/Unity.Collections.Tests.CoreCLR.PrivateJobNested.ref.dll_30F171C952B0592D.mvfrm
[728/952    0s] ILPP-Configuration Library/ilpp-configuration.nevergeneratedoutput
[729/952    0s] Csc Library/Bee/artifacts/200b0aE.dag/Unity.UnifiedRayTracing.Runtime.dll (+2 others)
[           0s] Csc Library/Bee/artifacts/200b0aE.dag/Unity.UnifiedRayTracing.Runtime.dll (+2 others) [CacheWrite 852ef16dd5c4d58346092cb716a7b50900000000000000000000000000000006]
[730/952    0s] MovedFromExtractor Library/Bee/artifacts/mvdfrm/Unity.UnifiedRayTracing.Runtime.ref.dll_95A1C65C73591A98.mvfrm
[731/952    0s] ILPostProcess Library/Bee/artifacts/200b0aE.dag/post-processed/Unity.Burst.dll (+pdb)
Processing assembly Library/Bee/artifacts/200b0aE.dag/Unity.Burst.dll, with 142 defines and 312 references
processors: Unity.Jobs.CodeGen.JobsILPostProcessor, Unity.Pipeline.CodeGen.CodeReloadInPlaceILPostProcessor, zzzUnity.Burst.CodeGen.BurstILPostProcessor
running Unity.Jobs.CodeGen.JobsILPostProcessor
running Unity.Pipeline.CodeGen.CodeReloadInPlaceILPostProcessor
running zzzUnity.Burst.CodeGen.BurstILPostProcessor
[732/952    0s] ILPostProcess Library/Bee/artifacts/200b0aE.dag/post-processed/Unity.UnifiedRayTracing.Runtime.dll (+pdb)
Processing assembly Library/Bee/artifacts/200b0aE.dag/Unity.UnifiedRayTracing.Runtime.dll, with 144 defines and 314 references
processors: Unity.Jobs.CodeGen.JobsILPostProcessor, Unity.Pipeline.CodeGen.CodeReloadInPlaceILPostProcessor, zzzUnity.Burst.CodeGen.BurstILPostProcessor
running Unity.Jobs.CodeGen.JobsILPostProcessor
running Unity.Pipeline.CodeGen.CodeReloadInPlaceILPostProcessor
running zzzUnity.Burst.CodeGen.BurstILPostProcessor
[733/952    0s] ILPostProcess Library/Bee/artifacts/200b0aE.dag/post-processed/Unity.PerformanceTesting.dll (+pdb)
Processing assembly Library/Bee/artifacts/200b0aE.dag/Unity.PerformanceTesting.dll, with 143 defines and 291 references
processors: Unity.Jobs.CodeGen.JobsILPostProcessor, Unity.Pipeline.CodeGen.CodeReloadInPlaceILPostProcessor, zzzUnity.Burst.CodeGen.BurstILPostProcessor
1 processor(s) skipped this assembly
running Unity.Jobs.CodeGen.JobsILPostProcessor
running Unity.Pipeline.CodeGen.CodeReloadInPlaceILPostProcessor
[734/952    0s] ILPostProcess Library/Bee/artifacts/200b0aE.dag/post-processed/Unity.RenderPipelines.Core.ShaderLibrary.dll (+pdb)
Processing assembly Library/Bee/artifacts/200b0aE.dag/Unity.RenderPipelines.Core.ShaderLibrary.dll, with 142 defines and 312 references
processors: Unity.Jobs.CodeGen.JobsILPostProcessor, Unity.Pipeline.CodeGen.CodeReloadInPlaceILPostProcessor, zzzUnity.Burst.CodeGen.BurstILPostProcessor
1 processor(s) skipped this assembly
running Unity.Jobs.CodeGen.JobsILPostProcessor
running Unity.Pipeline.CodeGen.CodeReloadInPlaceILPostProcessor
[735/952    0s] ILPostProcess Library/Bee/artifacts/200b0aE.dag/post-processed/Unity.Pipeline.IlInterpreter.dll (+pdb)
Processing assembly Library/Bee/artifacts/200b0aE.dag/Unity.Pipeline.IlInterpreter.dll, with 142 defines and 299 references
processors: Unity.Jobs.CodeGen.JobsILPostProcessor, Unity.Pipeline.CodeGen.CodeReloadInPlaceILPostProcessor, zzzUnity.Burst.CodeGen.BurstILPostProcessor
1 processor(s) skipped this assembly
running Unity.Jobs.CodeGen.JobsILPostProcessor
running Unity.Pipeline.CodeGen.CodeReloadInPlaceILPostProcessor
[736/952    0s] ILPostProcess Library/Bee/artifacts/200b0aE.dag/post-processed/Unity.InternalAPIEngineBridge.004.dll (+pdb)
Processing assembly Library/Bee/artifacts/200b0aE.dag/Unity.InternalAPIEngineBridge.004.dll, with 142 defines and 312 references
processors: Unity.Jobs.CodeGen.JobsILPostProcessor, Unity.Pipeline.CodeGen.CodeReloadInPlaceILPostProcessor, zzzUnity.Burst.CodeGen.BurstILPostProcessor
1 processor(s) skipped this assembly
running Unity.Jobs.CodeGen.JobsILPostProcessor
running Unity.Pipeline.CodeGen.CodeReloadInPlaceILPostProcessor
[737/952    0s] ILPostProcess Library/Bee/artifacts/200b0aE.dag/post-processed/Unity.InternalAPIEngineBridge.RenderPipelines.Core.Runtime.Shared.dll (+pdb)
Processing assembly Library/Bee/artifacts/200b0aE.dag/Unity.InternalAPIEngineBridge.RenderPipelines.Core.Runtime.Shared.dll, with 142 defines and 312 references
processors: Unity.Jobs.CodeGen.JobsILPostProcessor, Unity.Pipeline.CodeGen.CodeReloadInPlaceILPostProcessor, zzzUnity.Burst.CodeGen.BurstILPostProcessor
1 processor(s) skipped this assembly
running Unity.Jobs.CodeGen.JobsILPostProcessor
running Unity.Pipeline.CodeGen.CodeReloadInPlaceILPostProcessor
[738/952    0s] ILPostProcess Library/Bee/artifacts/200b0aE.dag/post-processed/Unity.VisualScripting.State.dll (+pdb)
Processing assembly Library/Bee/artifacts/200b0aE.dag/Unity.VisualScripting.State.dll, with 142 defines and 314 references
processors: Unity.Jobs.CodeGen.JobsILPostProcessor, Unity.Pipeline.CodeGen.CodeReloadInPlaceILPostProcessor, zzzUnity.Burst.CodeGen.BurstILPostProcessor
1 processor(s) skipped this assembly
running Unity.Jobs.CodeGen.JobsILPostProcessor
running Unity.Pipeline.CodeGen.CodeReloadInPlaceILPostProcessor
[739/952    0s] ILPostProcess Library/Bee/artifacts/200b0aE.dag/post-processed/Unity.Profiling.Core.dll (+pdb)
Processing assembly Library/Bee/artifacts/200b0aE.dag/Unity.Profiling.Core.dll, with 142 defines and 312 references
processors: Unity.Jobs.CodeGen.JobsILPostProcessor, Unity.Pipeline.CodeGen.CodeReloadInPlaceILPostProcessor, zzzUnity.Burst.CodeGen.BurstILPostProcessor
1 processor(s) skipped this assembly
running Unity.Jobs.CodeGen.JobsILPostProcessor
running Unity.Pipeline.CodeGen.CodeReloadInPlaceILPostProcessor
[740/952    1s] ILPostProcess Library/Bee/artifacts/200b0aE.dag/post-processed/Unity.InternalAPIEngineBridge.ObjectDispatcher.Runtime.dll (+pdb)
Processing assembly Library/Bee/artifacts/200b0aE.dag/Unity.InternalAPIEngineBridge.ObjectDispatcher.Runtime.dll, with 142 defines and 312 references
processors: Unity.Jobs.CodeGen.JobsILPostProcessor, Unity.Pipeline.CodeGen.CodeReloadInPlaceILPostProcessor, zzzUnity.Burst.CodeGen.BurstILPostProcessor
1 processor(s) skipped this assembly
running Unity.Jobs.CodeGen.JobsILPostProcessor
running Unity.Pipeline.CodeGen.CodeReloadInPlaceILPostProcessor
[741/952    1s] ILPostProcess Library/Bee/artifacts/200b0aE.dag/post-processed/Unity.Collections.Tests.CoreCLR.InternalJobNestedPrivate.dll (+pdb)
Processing assembly Library/Bee/artifacts/200b0aE.dag/Unity.Collections.Tests.CoreCLR.InternalJobNestedPrivate.dll, with 142 defines and 313 references
processors: Unity.Jobs.CodeGen.JobsILPostProcessor, Unity.Pipeline.CodeGen.CodeReloadInPlaceILPostProcessor, zzzUnity.Burst.CodeGen.BurstILPostProcessor
1 processor(s) skipped this assembly
running Unity.Jobs.CodeGen.JobsILPostProcessor
running Unity.Pipeline.CodeGen.CodeReloadInPlaceILPostProcessor
[742/952    0s] ILPostProcess Library/Bee/artifacts/200b0aE.dag/post-processed/Unity.Timeline.dll (+pdb)
Processing assembly Library/Bee/artifacts/200b0aE.dag/Unity.Timeline.dll, with 143 defines and 312 references
processors: Unity.Jobs.CodeGen.JobsILPostProcessor, Unity.Pipeline.CodeGen.CodeReloadInPlaceILPostProcessor, zzzUnity.Burst.CodeGen.BurstILPostProcessor
1 processor(s) skipped this assembly
running Unity.Jobs.CodeGen.JobsILPostProcessor
running Unity.Pipeline.CodeGen.CodeReloadInPlaceILPostProcessor
[743/952    0s] ILPostProcess Library/Bee/artifacts/200b0aE.dag/post-processed/Unity.TextMeshPro.dll (+pdb)
Processing assembly Library/Bee/artifacts/200b0aE.dag/Unity.TextMeshPro.dll, with 143 defines and 313 references
processors: Unity.Jobs.CodeGen.JobsILPostProcessor, Unity.Pipeline.CodeGen.CodeReloadInPlaceILPostProcessor, zzzUnity.Burst.CodeGen.BurstILPostProcessor
1 processor(s) skipped this assembly
running Unity.Jobs.CodeGen.JobsILPostProcessor
running Unity.Pipeline.CodeGen.CodeReloadInPlaceILPostProcessor
[744/952    0s] ILPostProcess Library/Bee/artifacts/200b0aE.dag/post-processed/Unity.Collections.Tests.CoreCLR.ProtectedJobNested.dll (+pdb)
Processing assembly Library/Bee/artifacts/200b0aE.dag/Unity.Collections.Tests.CoreCLR.ProtectedJobNested.dll, with 142 defines and 313 references
processors: Unity.Jobs.CodeGen.JobsILPostProcessor, Unity.Pipeline.CodeGen.CodeReloadInPlaceILPostProcessor, zzzUnity.Burst.CodeGen.BurstILPostProcessor
1 processor(s) skipped this assembly
running Unity.Jobs.CodeGen.JobsILPostProcessor
running Unity.Pipeline.CodeGen.CodeReloadInPlaceILPostProcessor
[745/952    1s] ILPostProcess Library/Bee/artifacts/200b0aE.dag/post-processed/Unity.VisualScripting.Core.dll (+pdb)
Processing assembly Library/Bee/artifacts/200b0aE.dag/Unity.VisualScripting.Core.dll, with 147 defines and 313 references
processors: Unity.Jobs.CodeGen.JobsILPostProcessor, Unity.Pipeline.CodeGen.CodeReloadInPlaceILPostProcessor, zzzUnity.Burst.CodeGen.BurstILPostProcessor
1 processor(s) skipped this assembly
running Unity.Jobs.CodeGen.JobsILPostProcessor
running Unity.Pipeline.CodeGen.CodeReloadInPlaceILPostProcessor
[746/952    2s] Csc Library/Bee/artifacts/200b0aE.dag/Unity.RenderPipelines.Core.Runtime.dll (+2 others)
[           0s] Csc Library/Bee/artifacts/200b0aE.dag/Unity.RenderPipelines.Core.Runtime.dll (+2 others) [CacheWrite e81bed59781e4f9f8d0f89789899a56f00000000000000000000000000000006]
[747/952    0s] MovedFromExtractor Library/Bee/artifacts/mvdfrm/Unity.RenderPipelines.Core.Runtime.ref.dll_AA9CC9DBDD612E3E.mvfrm
[748/952    2s] ILPostProcess Library/Bee/artifacts/200b0aE.dag/post-processed/Unity.Collections.dll (+pdb)
Processing assembly Library/Bee/artifacts/200b0aE.dag/Unity.Collections.dll, with 144 defines and 313 references
processors: Unity.Jobs.CodeGen.JobsILPostProcessor, Unity.Pipeline.CodeGen.CodeReloadInPlaceILPostProcessor, zzzUnity.Burst.CodeGen.BurstILPostProcessor
running Unity.Jobs.CodeGen.JobsILPostProcessor
running Unity.Pipeline.CodeGen.CodeReloadInPlaceILPostProcessor
running zzzUnity.Burst.CodeGen.BurstILPostProcessor
[749/952    0s] MovedFromExtractor-Combine Library/Bee/artifacts/200b0aE.dag/Unity.PathTracing.Runtime.dll.mvfrm
[750/952    0s] ILPostProcess Library/Bee/artifacts/200b0aE.dag/post-processed/UnityEngine.TestRunner.dll (+pdb)
Processing assembly Library/Bee/artifacts/200b0aE.dag/UnityEngine.TestRunner.dll, with 143 defines and 288 references
processors: Unity.Jobs.CodeGen.JobsILPostProcessor, Unity.Pipeline.CodeGen.CodeReloadInPlaceILPostProcessor, zzzUnity.Burst.CodeGen.BurstILPostProcessor
1 processor(s) skipped this assembly
running Unity.Jobs.CodeGen.JobsILPostProcessor
running Unity.Pipeline.CodeGen.CodeReloadInPlaceILPostProcessor
[           0s] Csc Library/Bee/artifacts/200b0aE.dag/Unity.PathTracing.Runtime.dll (+2 others) [CacheMiss cbeeca10883147133a8585e911e5232200000000000000000000000000000006]
[751/952    0s] ILPostProcess Library/Bee/artifacts/200b0aE.dag/post-processed/Unity.RenderPipelines.Universal.Shaders.dll (+pdb)
Processing assembly Library/Bee/artifacts/200b0aE.dag/Unity.RenderPipelines.Universal.Shaders.dll, with 142 defines and 312 references
processors: Unity.Jobs.CodeGen.JobsILPostProcessor, Unity.Pipeline.CodeGen.CodeReloadInPlaceILPostProcessor, zzzUnity.Burst.CodeGen.BurstILPostProcessor
1 processor(s) skipped this assembly
running Unity.Jobs.CodeGen.JobsILPostProcessor
running Unity.Pipeline.CodeGen.CodeReloadInPlaceILPostProcessor
[752/952    0s] MovedFromExtractor-Combine Library/Bee/artifacts/200b0aE.dag/Unity.RenderPipelines.Core.Runtime.Shared.dll.mvfrm
[753/952    0s] MovedFromExtractor-Combine Library/Bee/artifacts/200b0aE.dag/Unity.RenderPipelines.GPUDriven.Runtime.dll.mvfrm
[754/952    0s] ILPostProcess Library/Bee/artifacts/200b0aE.dag/post-processed/Unity.InputSystem.TestFramework.dll (+pdb)
Processing assembly Library/Bee/artifacts/200b0aE.dag/Unity.InputSystem.TestFramework.dll, with 144 defines and 293 references
processors: Unity.Jobs.CodeGen.JobsILPostProcessor, Unity.Pipeline.CodeGen.CodeReloadInPlaceILPostProcessor, zzzUnity.Burst.CodeGen.BurstILPostProcessor
1 processor(s) skipped this assembly
running Unity.Jobs.CodeGen.JobsILPostProcessor
running Unity.Pipeline.CodeGen.CodeReloadInPlaceILPostProcessor
[755/952    0s] ILPostProcess Library/Bee/artifacts/200b0aE.dag/post-processed/Unity.AI.Navigation.dll (+pdb)
Processing assembly Library/Bee/artifacts/200b0aE.dag/Unity.AI.Navigation.dll, with 143 defines and 312 references
processors: Unity.Jobs.CodeGen.JobsILPostProcessor, Unity.Pipeline.CodeGen.CodeReloadInPlaceILPostProcessor, zzzUnity.Burst.CodeGen.BurstILPostProcessor
1 processor(s) skipped this assembly
running Unity.Jobs.CodeGen.JobsILPostProcessor
running Unity.Pipeline.CodeGen.CodeReloadInPlaceILPostProcessor
[698/952    0s] Csc Library/Bee/artifacts/200b0aE.dag/Unity.RenderPipelines.Core.Runtime.Shared.dll (+2 others) [CacheHit 5d1db8efd0b03b42d6ae487d6174e5a700000000000000000000000000000006]
[756/952    0s] Csc Library/Bee/artifacts/200b0aE.dag/Unity.RenderPipelines.Core.Runtime.Shared.dll (+2 others)
[758/952    0s] ILPostProcess Library/Bee/artifacts/200b0aE.dag/post-processed/Unity.Pipeline.dll (+pdb)
Processing assembly Library/Bee/artifacts/200b0aE.dag/Unity.Pipeline.dll, with 143 defines and 298 references
processors: Unity.Jobs.CodeGen.JobsILPostProcessor, Unity.Pipeline.CodeGen.CodeReloadInPlaceILPostProcessor, zzzUnity.Burst.CodeGen.BurstILPostProcessor
1 processor(s) skipped this assembly
running Unity.Jobs.CodeGen.JobsILPostProcessor
running Unity.Pipeline.CodeGen.CodeReloadInPlaceILPostProcessor
[           0s] Csc Library/Bee/artifacts/200b0aE.dag/Unity.RenderPipelines.GPUDriven.Runtime.dll (+2 others) [CacheMiss 676ee11051216b0b6fb06676a7a83b6a00000000000000000000000000000006]
[759/952    0s] MovedFromExtractor-Combine Library/Bee/artifacts/200b0aE.dag/Unity.RenderPipeline.Universal.ShaderLibrary.dll.mvfrm
[760/952    0s] MovedFromExtractor-Combine Library/Bee/artifacts/200b0aE.dag/Unity.RenderPipelines.Universal.Config.Runtime.dll.mvfrm
[701/952    0s] Csc Library/Bee/artifacts/200b0aE.dag/Unity.RenderPipeline.Universal.ShaderLibrary.dll (+2 others) [CacheHit 4394bea5e215a6771a443dd511b0a3ab00000000000000000000000000000006]
[761/952    0s] Csc Library/Bee/artifacts/200b0aE.dag/Unity.RenderPipeline.Universal.ShaderLibrary.dll (+2 others)
[703/952    0s] Csc Library/Bee/artifacts/200b0aE.dag/Unity.RenderPipelines.Universal.Config.Runtime.dll (+2 others) [CacheHit c43abfbdb6a97076b7d3b69a0a2b6b8a00000000000000000000000000000006]
[763/952    0s] Csc Library/Bee/artifacts/200b0aE.dag/Unity.RenderPipelines.Universal.Config.Runtime.dll (+2 others)
[765/952    1s] ILPostProcess Library/Bee/artifacts/200b0aE.dag/post-processed/Unity.InputSystem.dll (+pdb)
Processing assembly Library/Bee/artifacts/200b0aE.dag/Unity.InputSystem.dll, with 155 defines and 312 references
processors: Unity.Jobs.CodeGen.JobsILPostProcessor, Unity.Pipeline.CodeGen.CodeReloadInPlaceILPostProcessor, zzzUnity.Burst.CodeGen.BurstILPostProcessor
1 processor(s) skipped this assembly
running Unity.Jobs.CodeGen.JobsILPostProcessor
running Unity.Pipeline.CodeGen.CodeReloadInPlaceILPostProcessor
[766/952    0s] MovedFromExtractor Library/Bee/artifacts/mvdfrm/Unity.RenderPipelines.Core.Runtime.Shared.ref.dll_B2C8007ACBA256CB.mvfrm
[767/952    0s] MovedFromExtractor Library/Bee/artifacts/mvdfrm/Unity.RenderPipelines.Universal.Config.Runtime.ref.dll_E30EE1A78470D274.mvfrm
[768/952    0s] MovedFromExtractor Library/Bee/artifacts/mvdfrm/Unity.RenderPipeline.Universal.ShaderLibrary.ref.dll_8B099D8C97AF393F.mvfrm
[769/952    0s] MovedFromExtractor-Combine Library/Bee/artifacts/200b0aE.dag/Unity.TextMeshPro.Editor.dll.mvfrm
[711/952    0s] Csc Library/Bee/artifacts/200b0aE.dag/Unity.TextMeshPro.Editor.dll (+2 others) [CacheHit 312ae9ce3cfba490f95066b1124f0f8400000000000000000000000000000006]
[770/952    0s] Csc Library/Bee/artifacts/200b0aE.dag/Unity.TextMeshPro.Editor.dll (+2 others)
[772/952    0s] MovedFromExtractor Library/Bee/artifacts/mvdfrm/Unity.TextMeshPro.Editor.ref.dll_C5B7873C632B963A.mvfrm
[773/952    0s] ILPostProcess Library/Bee/artifacts/200b0aE.dag/post-processed/Unity.VisualScripting.Flow.dll (+pdb)
Processing assembly Library/Bee/artifacts/200b0aE.dag/Unity.VisualScripting.Flow.dll, with 150 defines and 314 references
processors: Unity.Jobs.CodeGen.JobsILPostProcessor, Unity.Pipeline.CodeGen.CodeReloadInPlaceILPostProcessor, zzzUnity.Burst.CodeGen.BurstILPostProcessor
1 processor(s) skipped this assembly
running Unity.Jobs.CodeGen.JobsILPostProcessor
running Unity.Pipeline.CodeGen.CodeReloadInPlaceILPostProcessor
[774/952    0s] ILPostProcess Library/Bee/artifacts/200b0aE.dag/post-processed/Unity.Pipeline.Attributes.dll (+pdb)
Processing assembly Library/Bee/artifacts/200b0aE.dag/Unity.Pipeline.Attributes.dll, with 142 defines and 312 references
processors: Unity.Jobs.CodeGen.JobsILPostProcessor, Unity.Pipeline.CodeGen.CodeReloadInPlaceILPostProcessor, zzzUnity.Burst.CodeGen.BurstILPostProcessor
1 processor(s) skipped this assembly
running Unity.Jobs.CodeGen.JobsILPostProcessor
running Unity.Pipeline.CodeGen.CodeReloadInPlaceILPostProcessor
[775/952    0s] ILPostProcess Library/Bee/artifacts/200b0aE.dag/post-processed/Unity.RenderPipelines.ShaderGraph.ShaderGraphLibrary.dll (+pdb)
Processing assembly Library/Bee/artifacts/200b0aE.dag/Unity.RenderPipelines.ShaderGraph.ShaderGraphLibrary.dll, with 142 defines and 312 references
processors: Unity.Jobs.CodeGen.JobsILPostProcessor, Unity.Pipeline.CodeGen.CodeReloadInPlaceILPostProcessor, zzzUnity.Burst.CodeGen.BurstILPostProcessor
1 processor(s) skipped this assembly
running Unity.Jobs.CodeGen.JobsILPostProcessor
running Unity.Pipeline.CodeGen.CodeReloadInPlaceILPostProcessor
[776/952    0s] ILPostProcess Library/Bee/artifacts/200b0aE.dag/post-processed/Unity.InputSystem.ForUI.dll (+pdb)
Processing assembly Library/Bee/artifacts/200b0aE.dag/Unity.InputSystem.ForUI.dll, with 142 defines and 313 references
processors: Unity.Jobs.CodeGen.JobsILPostProcessor, Unity.Pipeline.CodeGen.CodeReloadInPlaceILPostProcessor, zzzUnity.Burst.CodeGen.BurstILPostProcessor
1 processor(s) skipped this assembly
running Unity.Jobs.CodeGen.JobsILPostProcessor
running Unity.Pipeline.CodeGen.CodeReloadInPlaceILPostProcessor
[777/952    0s] Csc Library/Bee/artifacts/200b0aE.dag/Unity.PathTracing.Runtime.dll (+2 others)
[           0s] Csc Library/Bee/artifacts/200b0aE.dag/Unity.PathTracing.Runtime.dll (+2 others) [CacheWrite cbeeca10883147133a8585e911e5232200000000000000000000000000000006]
[778/952    0s] MovedFromExtractor Library/Bee/artifacts/mvdfrm/Unity.PathTracing.Runtime.ref.dll_5C681F39905B45FB.mvfrm
[779/952    0s] ILPostProcess Library/Bee/artifacts/200b0aE.dag/post-processed/Unity.VisualScripting.DocCodeExamples.dll (+pdb)
Processing assembly Library/Bee/artifacts/200b0aE.dag/Unity.VisualScripting.DocCodeExamples.dll, with 142 defines and 294 references
processors: Unity.Jobs.CodeGen.JobsILPostProcessor, Unity.Pipeline.CodeGen.CodeReloadInPlaceILPostProcessor, zzzUnity.Burst.CodeGen.BurstILPostProcessor
1 processor(s) skipped this assembly
running Unity.Jobs.CodeGen.JobsILPostProcessor
running Unity.Pipeline.CodeGen.CodeReloadInPlaceILPostProcessor
[780/952    0s] ILPostProcess Library/Bee/artifacts/200b0aE.dag/post-processed/Unity.RenderPipeline.Universal.ShaderLibrary.dll (+pdb)
Processing assembly Library/Bee/artifacts/200b0aE.dag/Unity.RenderPipeline.Universal.ShaderLibrary.dll, with 142 defines and 313 references
processors: Unity.Jobs.CodeGen.JobsILPostProcessor, Unity.Pipeline.CodeGen.CodeReloadInPlaceILPostProcessor, zzzUnity.Burst.CodeGen.BurstILPostProcessor
1 processor(s) skipped this assembly
running Unity.Jobs.CodeGen.JobsILPostProcessor
running Unity.Pipeline.CodeGen.CodeReloadInPlaceILPostProcessor
[781/952    0s] MovedFromExtractor-Combine Library/Bee/artifacts/200b0aE.dag/Unity.PathTracing.Editor.dll.mvfrm
[           0s] Csc Library/Bee/artifacts/200b0aE.dag/Unity.PathTracing.Editor.dll (+2 others) [CacheMiss 6a07c38f384b3d0892fe4a7755e3f30800000000000000000000000000000006]
[782/952    0s] ILPostProcess Library/Bee/artifacts/200b0aE.dag/post-processed/Unity.RenderPipelines.Core.Runtime.Shared.dll (+pdb)
Processing assembly Library/Bee/artifacts/200b0aE.dag/Unity.RenderPipelines.Core.Runtime.Shared.dll, with 142 defines and 315 references
processors: Unity.Jobs.CodeGen.JobsILPostProcessor, Unity.Pipeline.CodeGen.CodeReloadInPlaceILPostProcessor, zzzUnity.Burst.CodeGen.BurstILPostProcessor
1 processor(s) skipped this assembly
running Unity.Jobs.CodeGen.JobsILPostProcessor
running Unity.Pipeline.CodeGen.CodeReloadInPlaceILPostProcessor
[783/952    0s] ILPostProcess Library/Bee/artifacts/200b0aE.dag/post-processed/Unity.Collections.Tests.CoreCLR.PrivateJobNested.dll (+pdb)
Processing assembly Library/Bee/artifacts/200b0aE.dag/Unity.Collections.Tests.CoreCLR.PrivateJobNested.dll, with 142 defines and 313 references
processors: Unity.Jobs.CodeGen.JobsILPostProcessor, Unity.Pipeline.CodeGen.CodeReloadInPlaceILPostProcessor, zzzUnity.Burst.CodeGen.BurstILPostProcessor
1 processor(s) skipped this assembly
running Unity.Jobs.CodeGen.JobsILPostProcessor
running Unity.Pipeline.CodeGen.CodeReloadInPlaceILPostProcessor
[784/952    0s] MovedFromExtractor-Combine Library/Bee/artifacts/200b0aE.dag/Unity.SurfaceCache.Runtime.dll.mvfrm
[785/952    0s] ILPostProcess Library/Bee/artifacts/200b0aE.dag/post-processed/UnityEngine.UI.dll (+pdb)
Processing assembly Library/Bee/artifacts/200b0aE.dag/UnityEngine.UI.dll, with 148 defines and 310 references
processors: Unity.Jobs.CodeGen.JobsILPostProcessor, Unity.Pipeline.CodeGen.CodeReloadInPlaceILPostProcessor, zzzUnity.Burst.CodeGen.BurstILPostProcessor
1 processor(s) skipped this assembly
running Unity.Jobs.CodeGen.JobsILPostProcessor
running Unity.Pipeline.CodeGen.CodeReloadInPlaceILPostProcessor
[           0s] Csc Library/Bee/artifacts/200b0aE.dag/Unity.SurfaceCache.Runtime.dll (+2 others) [CacheMiss 4588f9b051cd9187715e7ceeda9c433300000000000000000000000000000006]
[786/952    0s] ILPostProcess Library/Bee/artifacts/200b0aE.dag/post-processed/Unity.RenderPipelines.Core.Runtime.dll (+pdb)
Processing assembly Library/Bee/artifacts/200b0aE.dag/Unity.RenderPipelines.Core.Runtime.dll, with 147 defines and 315 references
processors: Unity.Jobs.CodeGen.JobsILPostProcessor, Unity.Pipeline.CodeGen.CodeReloadInPlaceILPostProcessor, zzzUnity.Burst.CodeGen.BurstILPostProcessor
1 processor(s) skipped this assembly
running Unity.Jobs.CodeGen.JobsILPostProcessor
running Unity.Pipeline.CodeGen.CodeReloadInPlaceILPostProcessor
[787/952    0s] ILPostProcess Library/Bee/artifacts/200b0aE.dag/post-processed/Unity.Collections.Editor.dll (+pdb)
Processing assembly Library/Bee/artifacts/200b0aE.dag/Unity.Collections.Editor.dll, with 141 defines and 322 references
processors: Unity.Jobs.CodeGen.JobsILPostProcessor, Unity.Pipeline.CodeGen.CodeReloadInPlaceILPostProcessor, zzzUnity.Burst.CodeGen.BurstILPostProcessor
1 processor(s) skipped this assembly
running Unity.Jobs.CodeGen.JobsILPostProcessor
running Unity.Pipeline.CodeGen.CodeReloadInPlaceILPostProcessor
[788/952    0s] ILPostProcess Library/Bee/artifacts/200b0aE.dag/post-processed/Unity.RenderPipelines.Universal.Config.Runtime.dll (+pdb)
Processing assembly Library/Bee/artifacts/200b0aE.dag/Unity.RenderPipelines.Universal.Config.Runtime.dll, with 142 defines and 313 references
processors: Unity.Jobs.CodeGen.JobsILPostProcessor, Unity.Pipeline.CodeGen.CodeReloadInPlaceILPostProcessor, zzzUnity.Burst.CodeGen.BurstILPostProcessor
1 processor(s) skipped this assembly
running Unity.Jobs.CodeGen.JobsILPostProcessor
running Unity.Pipeline.CodeGen.CodeReloadInPlaceILPostProcessor
[789/952    0s] ILPostProcess Library/Bee/artifacts/200b0aE.dag/post-processed/Unity.Collections.Tests.CoreCLR.PublicJobPrivateGeneric.dll (+pdb)
Processing assembly Library/Bee/artifacts/200b0aE.dag/Unity.Collections.Tests.CoreCLR.PublicJobPrivateGeneric.dll, with 142 defines and 313 references
processors: Unity.Jobs.CodeGen.JobsILPostProcessor, Unity.Pipeline.CodeGen.CodeReloadInPlaceILPostProcessor, zzzUnity.Burst.CodeGen.BurstILPostProcessor
1 processor(s) skipped this assembly
running Unity.Jobs.CodeGen.JobsILPostProcessor
running Unity.Pipeline.CodeGen.CodeReloadInPlaceILPostProcessor
[790/952    0s] ILPostProcess Library/Bee/artifacts/200b0aE.dag/post-processed/Unity.PathTracing.Runtime.dll (+pdb)
Processing assembly Library/Bee/artifacts/200b0aE.dag/Unity.PathTracing.Runtime.dll, with 145 defines and 315 references
processors: Unity.Jobs.CodeGen.JobsILPostProcessor, Unity.Pipeline.CodeGen.CodeReloadInPlaceILPostProcessor, zzzUnity.Burst.CodeGen.BurstILPostProcessor
1 processor(s) skipped this assembly
running Unity.Jobs.CodeGen.JobsILPostProcessor
running Unity.Pipeline.CodeGen.CodeReloadInPlaceILPostProcessor
[791/952    0s] Csc Library/Bee/artifacts/200b0aE.dag/Unity.SurfaceCache.Runtime.dll (+2 others)
[           0s] Csc Library/Bee/artifacts/200b0aE.dag/Unity.SurfaceCache.Runtime.dll (+2 others) [CacheWrite 4588f9b051cd9187715e7ceeda9c433300000000000000000000000000000006]
[792/952    0s] ILPostProcess Library/Bee/artifacts/200b0aE.dag/post-processed/Unity.InternalAPIEditorBridge.ShaderGraph.Editor.dll (+pdb)
Processing assembly Library/Bee/artifacts/200b0aE.dag/Unity.InternalAPIEditorBridge.ShaderGraph.Editor.dll, with 140 defines and 321 references
processors: Unity.Jobs.CodeGen.JobsILPostProcessor, Unity.Pipeline.CodeGen.CodeReloadInPlaceILPostProcessor, zzzUnity.Burst.CodeGen.BurstILPostProcessor
1 processor(s) skipped this assembly
running Unity.Jobs.CodeGen.JobsILPostProcessor
running Unity.Pipeline.CodeGen.CodeReloadInPlaceILPostProcessor
[793/952    0s] ILPostProcess Library/Bee/artifacts/200b0aE.dag/post-processed/Unity.Rendering.LightTransport.Editor.dll (+pdb)
Processing assembly Library/Bee/artifacts/200b0aE.dag/Unity.Rendering.LightTransport.Editor.dll, with 140 defines and 321 references
processors: Unity.Jobs.CodeGen.JobsILPostProcessor, Unity.Pipeline.CodeGen.CodeReloadInPlaceILPostProcessor, zzzUnity.Burst.CodeGen.BurstILPostProcessor
1 processor(s) skipped this assembly
running Unity.Jobs.CodeGen.JobsILPostProcessor
running Unity.Pipeline.CodeGen.CodeReloadInPlaceILPostProcessor
[794/952    0s] ILPostProcess Library/Bee/artifacts/200b0aE.dag/post-processed/Unity.AI.Navigation.Editor.dll (+pdb)
Processing assembly Library/Bee/artifacts/200b0aE.dag/Unity.AI.Navigation.Editor.dll, with 141 defines and 323 references
processors: Unity.Jobs.CodeGen.JobsILPostProcessor, Unity.Pipeline.CodeGen.CodeReloadInPlaceILPostProcessor, zzzUnity.Burst.CodeGen.BurstILPostProcessor
1 processor(s) skipped this assembly
running Unity.Jobs.CodeGen.JobsILPostProcessor
running Unity.Pipeline.CodeGen.CodeReloadInPlaceILPostProcessor
[795/952    0s] ILPostProcess Library/Bee/artifacts/200b0aE.dag/post-processed/Unity.InputSystem.ForUI.Editor.dll (+pdb)
Processing assembly Library/Bee/artifacts/200b0aE.dag/Unity.InputSystem.ForUI.Editor.dll, with 140 defines and 323 references
processors: Unity.Jobs.CodeGen.JobsILPostProcessor, Unity.Pipeline.CodeGen.CodeReloadInPlaceILPostProcessor, zzzUnity.Burst.CodeGen.BurstILPostProcessor
1 processor(s) skipped this assembly
running Unity.Jobs.CodeGen.JobsILPostProcessor
running Unity.Pipeline.CodeGen.CodeReloadInPlaceILPostProcessor
[796/952    0s] MovedFromExtractor Library/Bee/artifacts/mvdfrm/Unity.SurfaceCache.Runtime.ref.dll_96E4BBDC476B6091.mvfrm
[797/952    0s] ILPostProcess Library/Bee/artifacts/200b0aE.dag/post-processed/Unity.VisualScripting.SettingsProvider.Editor.dll (+pdb)
Processing assembly Library/Bee/artifacts/200b0aE.dag/Unity.VisualScripting.SettingsProvider.Editor.dll, with 140 defines and 326 references
processors: Unity.Jobs.CodeGen.JobsILPostProcessor, Unity.Pipeline.CodeGen.CodeReloadInPlaceILPostProcessor, zzzUnity.Burst.CodeGen.BurstILPostProcessor
1 processor(s) skipped this assembly
running Unity.Jobs.CodeGen.JobsILPostProcessor
running Unity.Pipeline.CodeGen.CodeReloadInPlaceILPostProcessor
[798/952    0s] ILPostProcess Library/Bee/artifacts/200b0aE.dag/post-processed/UnityEditor.UI.Analytics.dll (+pdb)
Processing assembly Library/Bee/artifacts/200b0aE.dag/UnityEditor.UI.Analytics.dll, with 140 defines and 322 references
processors: Unity.Jobs.CodeGen.JobsILPostProcessor, Unity.Pipeline.CodeGen.CodeReloadInPlaceILPostProcessor, zzzUnity.Burst.CodeGen.BurstILPostProcessor
1 processor(s) skipped this assembly
running Unity.Jobs.CodeGen.JobsILPostProcessor
running Unity.Pipeline.CodeGen.CodeReloadInPlaceILPostProcessor
[799/952    0s] ILPostProcess Library/Bee/artifacts/200b0aE.dag/post-processed/Unity.SurfaceCache.Runtime.dll (+pdb)
Processing assembly Library/Bee/artifacts/200b0aE.dag/Unity.SurfaceCache.Runtime.dll, with 143 defines and 315 references
processors: Unity.Jobs.CodeGen.JobsILPostProcessor, Unity.Pipeline.CodeGen.CodeReloadInPlaceILPostProcessor, zzzUnity.Burst.CodeGen.BurstILPostProcessor
1 processor(s) skipped this assembly
running Unity.Jobs.CodeGen.JobsILPostProcessor
running Unity.Pipeline.CodeGen.CodeReloadInPlaceILPostProcessor
[800/952    0s] ILPostProcess Library/Bee/artifacts/200b0aE.dag/post-processed/Unity.ShaderGraph.Utilities.dll (+pdb)
Processing assembly Library/Bee/artifacts/200b0aE.dag/Unity.ShaderGraph.Utilities.dll, with 140 defines and 321 references
processors: Unity.Jobs.CodeGen.JobsILPostProcessor, Unity.Pipeline.CodeGen.CodeReloadInPlaceILPostProcessor, zzzUnity.Burst.CodeGen.BurstILPostProcessor
1 processor(s) skipped this assembly
running Unity.Jobs.CodeGen.JobsILPostProcessor
running Unity.Pipeline.CodeGen.CodeReloadInPlaceILPostProcessor
[801/952    0s] ILPostProcess Library/Bee/artifacts/200b0aE.dag/post-processed/UnityEditor.UI.dll (+pdb)
Processing assembly Library/Bee/artifacts/200b0aE.dag/UnityEditor.UI.dll, with 143 defines and 320 references
processors: Unity.Jobs.CodeGen.JobsILPostProcessor, Unity.Pipeline.CodeGen.CodeReloadInPlaceILPostProcessor, zzzUnity.Burst.CodeGen.BurstILPostProcessor
1 processor(s) skipped this assembly
running Unity.Jobs.CodeGen.JobsILPostProcessor
running Unity.Pipeline.CodeGen.CodeReloadInPlaceILPostProcessor
[802/952    1s] Csc Library/Bee/artifacts/200b0aE.dag/Unity.RenderPipelines.GPUDriven.Runtime.dll (+2 others)
[           0s] Csc Library/Bee/artifacts/200b0aE.dag/Unity.RenderPipelines.GPUDriven.Runtime.dll (+2 others) [CacheWrite 676ee11051216b0b6fb06676a7a83b6a00000000000000000000000000000006]
[803/952    0s] ILPostProcess Library/Bee/artifacts/200b0aE.dag/post-processed/Unity.PlasticSCM.Editor.Entities.dll (+pdb)
Processing assembly Library/Bee/artifacts/200b0aE.dag/Unity.PlasticSCM.Editor.Entities.dll, with 140 defines and 322 references
processors: Unity.Jobs.CodeGen.JobsILPostProcessor, Unity.Pipeline.CodeGen.CodeReloadInPlaceILPostProcessor, zzzUnity.Burst.CodeGen.BurstILPostProcessor
1 processor(s) skipped this assembly
running Unity.Jobs.CodeGen.JobsILPostProcessor
running Unity.Pipeline.CodeGen.CodeReloadInPlaceILPostProcessor
[804/952    0s] ILPostProcess Library/Bee/artifacts/200b0aE.dag/post-processed/Unity.InputSystem.DocCodeSamples.dll (+pdb)
Processing assembly Library/Bee/artifacts/200b0aE.dag/Unity.InputSystem.DocCodeSamples.dll, with 140 defines and 302 references
processors: Unity.Jobs.CodeGen.JobsILPostProcessor, Unity.Pipeline.CodeGen.CodeReloadInPlaceILPostProcessor, zzzUnity.Burst.CodeGen.BurstILPostProcessor
1 processor(s) skipped this assembly
running Unity.Jobs.CodeGen.JobsILPostProcessor
running Unity.Pipeline.CodeGen.CodeReloadInPlaceILPostProcessor
[805/952    0s] MovedFromExtractor Library/Bee/artifacts/mvdfrm/Unity.RenderPipelines.GPUDriven.Runtime.ref.dll_059BC5464FF14C2B.mvfrm
[806/952    1s] Csc Library/Bee/artifacts/200b0aE.dag/Unity.PathTracing.Editor.dll (+2 others)
[           0s] Csc Library/Bee/artifacts/200b0aE.dag/Unity.PathTracing.Editor.dll (+2 others) [CacheWrite 6a07c38f384b3d0892fe4a7755e3f30800000000000000000000000000000006]
[807/952    0s] MovedFromExtractor-Combine Library/Bee/artifacts/200b0aE.dag/Unity.RenderPipelines.Universal.Runtime.dll.mvfrm
[808/952    0s] ILPostProcess Library/Bee/artifacts/200b0aE.dag/post-processed/Unity.CollabProxy.Editor.dll (+pdb)
Processing assembly Library/Bee/artifacts/200b0aE.dag/Unity.CollabProxy.Editor.dll, with 140 defines and 322 references
processors: Unity.Jobs.CodeGen.JobsILPostProcessor, Unity.Pipeline.CodeGen.CodeReloadInPlaceILPostProcessor, zzzUnity.Burst.CodeGen.BurstILPostProcessor
1 processor(s) skipped this assembly
running Unity.Jobs.CodeGen.JobsILPostProcessor
running Unity.Pipeline.CodeGen.CodeReloadInPlaceILPostProcessor
[809/952    0s] ILPostProcess Library/Bee/artifacts/200b0aE.dag/post-processed/Unity.VisualScripting.Shared.Editor.dll (+pdb)
Processing assembly Library/Bee/artifacts/200b0aE.dag/Unity.VisualScripting.Shared.Editor.dll, with 140 defines and 327 references
processors: Unity.Jobs.CodeGen.JobsILPostProcessor, Unity.Pipeline.CodeGen.CodeReloadInPlaceILPostProcessor, zzzUnity.Burst.CodeGen.BurstILPostProcessor
1 processor(s) skipped this assembly
running Unity.Jobs.CodeGen.JobsILPostProcessor
running Unity.Pipeline.CodeGen.CodeReloadInPlaceILPostProcessor
[810/952    0s] ILPostProcess Library/Bee/artifacts/200b0aE.dag/post-processed/UnityEditor.TestRunner.dll (+pdb)
Processing assembly Library/Bee/artifacts/200b0aE.dag/UnityEditor.TestRunner.dll, with 141 defines and 302 references
processors: Unity.Jobs.CodeGen.JobsILPostProcessor, Unity.Pipeline.CodeGen.CodeReloadInPlaceILPostProcessor, zzzUnity.Burst.CodeGen.BurstILPostProcessor
1 processor(s) skipped this assembly
running Unity.Jobs.CodeGen.JobsILPostProcessor
running Unity.Pipeline.CodeGen.CodeReloadInPlaceILPostProcessor
[811/952    0s] MovedFromExtractor Library/Bee/artifacts/mvdfrm/Unity.PathTracing.Editor.ref.dll_813B91AAF4D02930.mvfrm
[           0s] Csc Library/Bee/artifacts/200b0aE.dag/Unity.RenderPipelines.Universal.Runtime.dll (+2 others) [CacheMiss 004a33e9d910e19d20ae381e394550d500000000000000000000000000000006]
[812/952    0s] ILPostProcess Library/Bee/artifacts/200b0aE.dag/post-processed/Unity.PerformanceTesting.Editor.dll (+pdb)
Processing assembly Library/Bee/artifacts/200b0aE.dag/Unity.PerformanceTesting.Editor.dll, with 141 defines and 302 references
processors: Unity.Jobs.CodeGen.JobsILPostProcessor, Unity.Pipeline.CodeGen.CodeReloadInPlaceILPostProcessor, zzzUnity.Burst.CodeGen.BurstILPostProcessor
1 processor(s) skipped this assembly
running Unity.Jobs.CodeGen.JobsILPostProcessor
running Unity.Pipeline.CodeGen.CodeReloadInPlaceILPostProcessor
[813/952    0s] ILPostProcess Library/Bee/artifacts/200b0aE.dag/post-processed/Unity.InternalAPIEngineBridge.RenderPipelines.Core.Editor.dll (+pdb)
Processing assembly Library/Bee/artifacts/200b0aE.dag/Unity.InternalAPIEngineBridge.RenderPipelines.Core.Editor.dll, with 140 defines and 321 references
processors: Unity.Jobs.CodeGen.JobsILPostProcessor, Unity.Pipeline.CodeGen.CodeReloadInPlaceILPostProcessor, zzzUnity.Burst.CodeGen.BurstILPostProcessor
1 processor(s) skipped this assembly
running Unity.Jobs.CodeGen.JobsILPostProcessor
running Unity.Pipeline.CodeGen.CodeReloadInPlaceILPostProcessor
[814/952    0s] MovedFromExtractor-Combine Library/Bee/artifacts/200b0aE.dag/Unity.RenderPipelines.Core.Editor.dll.mvfrm
[           0s] Csc Library/Bee/artifacts/200b0aE.dag/Unity.RenderPipelines.Core.Editor.dll (+2 others) [CacheMiss 7ccf0a71603b5bcb99964b53a0e131d000000000000000000000000000000006]
[815/952    0s] ILPostProcess Library/Bee/artifacts/200b0aE.dag/post-processed/Unity.AI.Navigation.Updater.dll (+pdb)
Processing assembly Library/Bee/artifacts/200b0aE.dag/Unity.AI.Navigation.Updater.dll, with 140 defines and 324 references
processors: Unity.Jobs.CodeGen.JobsILPostProcessor, Unity.Pipeline.CodeGen.CodeReloadInPlaceILPostProcessor, zzzUnity.Burst.CodeGen.BurstILPostProcessor
1 processor(s) skipped this assembly
running Unity.Jobs.CodeGen.JobsILPostProcessor
running Unity.Pipeline.CodeGen.CodeReloadInPlaceILPostProcessor
[816/952    0s] ILPostProcess Library/Bee/artifacts/200b0aE.dag/post-processed/Unity.RenderPipelines.GPUDriven.Runtime.dll (+pdb)
Processing assembly Library/Bee/artifacts/200b0aE.dag/Unity.RenderPipelines.GPUDriven.Runtime.dll, with 143 defines and 316 references
processors: Unity.Jobs.CodeGen.JobsILPostProcessor, Unity.Pipeline.CodeGen.CodeReloadInPlaceILPostProcessor, zzzUnity.Burst.CodeGen.BurstILPostProcessor
running Unity.Jobs.CodeGen.JobsILPostProcessor
running Unity.Pipeline.CodeGen.CodeReloadInPlaceILPostProcessor
running zzzUnity.Burst.CodeGen.BurstILPostProcessor
[817/952    0s] ILPostProcess Library/Bee/artifacts/200b0aE.dag/post-processed/Unity.AI.Navigation.Editor.ConversionSystem.dll (+pdb)
Processing assembly Library/Bee/artifacts/200b0aE.dag/Unity.AI.Navigation.Editor.ConversionSystem.dll, with 140 defines and 321 references
processors: Unity.Jobs.CodeGen.JobsILPostProcessor, Unity.Pipeline.CodeGen.CodeReloadInPlaceILPostProcessor, zzzUnity.Burst.CodeGen.BurstILPostProcessor
1 processor(s) skipped this assembly
running Unity.Jobs.CodeGen.JobsILPostProcessor
running Unity.Pipeline.CodeGen.CodeReloadInPlaceILPostProcessor
[818/952    0s] ILPostProcess Library/Bee/artifacts/200b0aE.dag/post-processed/Unity.GraphAuthoring.Editor.dll (+pdb)
Processing assembly Library/Bee/artifacts/200b0aE.dag/Unity.GraphAuthoring.Editor.dll, with 140 defines and 321 references
processors: Unity.Jobs.CodeGen.JobsILPostProcessor, Unity.Pipeline.CodeGen.CodeReloadInPlaceILPostProcessor, zzzUnity.Burst.CodeGen.BurstILPostProcessor
1 processor(s) skipped this assembly
running Unity.Jobs.CodeGen.JobsILPostProcessor
running Unity.Pipeline.CodeGen.CodeReloadInPlaceILPostProcessor
[819/952    0s] ILPostProcess Library/Bee/artifacts/200b0aE.dag/post-processed/Unity.VisualScripting.Core.Editor.dll (+pdb)
Processing assembly Library/Bee/artifacts/200b0aE.dag/Unity.VisualScripting.Core.Editor.dll, with 140 defines and 322 references
processors: Unity.Jobs.CodeGen.JobsILPostProcessor, Unity.Pipeline.CodeGen.CodeReloadInPlaceILPostProcessor, zzzUnity.Burst.CodeGen.BurstILPostProcessor
1 processor(s) skipped this assembly
running Unity.Jobs.CodeGen.JobsILPostProcessor
running Unity.Pipeline.CodeGen.CodeReloadInPlaceILPostProcessor
[820/952    0s] ILPostProcess Library/Bee/artifacts/200b0aE.dag/post-processed/Unity.PathTracing.Editor.dll (+pdb)
Processing assembly Library/Bee/artifacts/200b0aE.dag/Unity.PathTracing.Editor.dll, with 141 defines and 324 references
processors: Unity.Jobs.CodeGen.JobsILPostProcessor, Unity.Pipeline.CodeGen.CodeReloadInPlaceILPostProcessor, zzzUnity.Burst.CodeGen.BurstILPostProcessor
1 processor(s) skipped this assembly
running Unity.Jobs.CodeGen.JobsILPostProcessor
running Unity.Pipeline.CodeGen.CodeReloadInPlaceILPostProcessor
[821/952    0s] ILPostProcess Library/Bee/artifacts/200b0aE.dag/post-processed/Unity.Timeline.Editor.dll (+pdb)
Processing assembly Library/Bee/artifacts/200b0aE.dag/Unity.Timeline.Editor.dll, with 141 defines and 322 references
processors: Unity.Jobs.CodeGen.JobsILPostProcessor, Unity.Pipeline.CodeGen.CodeReloadInPlaceILPostProcessor, zzzUnity.Burst.CodeGen.BurstILPostProcessor
1 processor(s) skipped this assembly
running Unity.Jobs.CodeGen.JobsILPostProcessor
running Unity.Pipeline.CodeGen.CodeReloadInPlaceILPostProcessor
[822/952    0s] ILPostProcess Library/Bee/artifacts/200b0aE.dag/post-processed/Unity.TextMeshPro.Editor.dll (+pdb)
Processing assembly Library/Bee/artifacts/200b0aE.dag/Unity.TextMeshPro.Editor.dll, with 140 defines and 323 references
processors: Unity.Jobs.CodeGen.JobsILPostProcessor, Unity.Pipeline.CodeGen.CodeReloadInPlaceILPostProcessor, zzzUnity.Burst.CodeGen.BurstILPostProcessor
1 processor(s) skipped this assembly
running Unity.Jobs.CodeGen.JobsILPostProcessor
running Unity.Pipeline.CodeGen.CodeReloadInPlaceILPostProcessor
[823/952    0s] ILPostProcess Library/Bee/artifacts/200b0aE.dag/post-processed/Unity.Searcher.Editor.dll (+pdb)
Processing assembly Library/Bee/artifacts/200b0aE.dag/Unity.Searcher.Editor.dll, with 140 defines and 321 references
processors: Unity.Jobs.CodeGen.JobsILPostProcessor, Unity.Pipeline.CodeGen.CodeReloadInPlaceILPostProcessor, zzzUnity.Burst.CodeGen.BurstILPostProcessor
1 processor(s) skipped this assembly
running Unity.Jobs.CodeGen.JobsILPostProcessor
running Unity.Pipeline.CodeGen.CodeReloadInPlaceILPostProcessor
[824/952    0s] CopyFiles Library/ScriptAssemblies/Unity.InputSystem.TestFramework.dll
[825/952    0s] CopyFiles Library/ScriptAssemblies/Unity.SurfaceCache.Runtime.dll
[826/952    0s] CopyFiles Library/ScriptAssemblies/Unity.RenderPipelines.Universal.Shaders.dll
[827/952    0s] CopyFiles Library/ScriptAssemblies/Unity.VisualScripting.State.dll
[828/952    0s] CopyFiles Library/ScriptAssemblies/Unity.VisualScripting.Flow.dll
[829/952    0s] CopyFiles Library/ScriptAssemblies/Unity.InternalAPIEngineBridge.RenderPipelines.Core.Runtime.Shared.dll
[830/952    0s] CopyFiles Library/ScriptAssemblies/Unity.InputSystem.ForUI.dll
[831/952    0s] CopyFiles Library/ScriptAssemblies/Unity.TextMeshPro.dll
[832/952    0s] CopyFiles Library/ScriptAssemblies/Unity.InternalAPIEngineBridge.004.dll
[833/952    0s] CopyFiles Library/ScriptAssemblies/Unity.AI.Navigation.dll
[834/952    0s] CopyFiles Library/ScriptAssemblies/Unity.UnifiedRayTracing.Runtime.dll
[835/952    0s] CopyFiles Library/ScriptAssemblies/Unity.PerformanceTesting.dll
[836/952    0s] CopyFiles Library/ScriptAssemblies/Unity.RenderPipelines.ShaderGraph.ShaderGraphLibrary.dll
[837/952    0s] CopyFiles Library/ScriptAssemblies/Unity.PathTracing.Runtime.dll
[838/952    0s] CopyFiles Library/ScriptAssemblies/Unity.Timeline.dll
[839/952    0s] CopyFiles Library/ScriptAssemblies/Unity.RenderPipelines.GPUDriven.Runtime.dll
[840/952    0s] CopyFiles Library/ScriptAssemblies/Unity.Profiling.Core.dll
[841/952    0s] CopyFiles Library/ScriptAssemblies/Unity.Collections.Tests.CoreCLR.PublicJobPrivateGeneric.dll
[842/952    0s] CopyFiles Library/ScriptAssemblies/Unity.RenderPipelines.Universal.Config.Runtime.dll
[843/952    0s] CopyFiles Library/ScriptAssemblies/Unity.Pipeline.IlInterpreter.dll
[844/952    0s] CopyFiles Library/ScriptAssemblies/UnityEngine.TestRunner.dll
[845/952    0s] CopyFiles Library/ScriptAssemblies/Unity.Pipeline.Attributes.dll
[846/952    0s] CopyFiles Library/ScriptAssemblies/Unity.RenderPipelines.Core.Runtime.dll
[847/952    0s] CopyFiles Library/ScriptAssemblies/Unity.Collections.dll
[848/952    0s] CopyFiles Library/ScriptAssemblies/UnityEngine.UI.dll
[849/952    0s] CopyFiles Library/ScriptAssemblies/Unity.Collections.Tests.CoreCLR.InternalJobNestedPrivate.dll
[850/952    0s] CopyFiles Library/ScriptAssemblies/Unity.Collections.Tests.CoreCLR.PrivateJobNested.dll
[851/952    0s] CopyFiles Library/ScriptAssemblies/Unity.VisualScripting.Core.dll
[852/952    0s] CopyFiles Library/ScriptAssemblies/Unity.RenderPipelines.Core.Runtime.Shared.dll
[853/952    0s] CopyFiles Library/ScriptAssemblies/Unity.RenderPipelines.Core.ShaderLibrary.dll
[854/952    0s] CopyFiles Library/ScriptAssemblies/Unity.RenderPipeline.Universal.ShaderLibrary.dll
[855/952    0s] CopyFiles Library/ScriptAssemblies/Unity.Collections.Tests.CoreCLR.ProtectedJobNested.dll
[856/952    0s] CopyFiles Library/ScriptAssemblies/Unity.Pipeline.dll
[857/952    0s] CopyFiles Library/ScriptAssemblies/Unity.VisualScripting.DocCodeExamples.dll
[858/952    0s] CopyFiles Library/ScriptAssemblies/Unity.InternalAPIEngineBridge.ObjectDispatcher.Runtime.dll
[859/952    0s] CopyFiles Library/ScriptAssemblies/Unity.Burst.dll
[860/952    0s] CopyFiles Library/ScriptAssemblies/Unity.InputSystem.dll
[861/952    0s] CopyFiles Library/ScriptAssemblies/Unity.Searcher.Editor.pdb
[862/952    0s] CopyFiles Library/ScriptAssemblies/Unity.Searcher.Editor.dll
[863/952    0s] CopyFiles Library/ScriptAssemblies/Unity.TextMeshPro.Editor.pdb
[864/952    0s] CopyFiles Library/ScriptAssemblies/Unity.TextMeshPro.Editor.dll
[865/952    0s] CopyFiles Library/ScriptAssemblies/Unity.Timeline.Editor.pdb
[866/952    0s] CopyFiles Library/ScriptAssemblies/Unity.Timeline.Editor.dll
[867/952    0s] CopyFiles Library/ScriptAssemblies/Unity.PathTracing.Editor.pdb
[868/952    0s] CopyFiles Library/ScriptAssemblies/Unity.PathTracing.Editor.dll
[869/952    0s] CopyFiles Library/ScriptAssemblies/Unity.VisualScripting.Core.Editor.pdb
[870/952    0s] CopyFiles Library/ScriptAssemblies/Unity.VisualScripting.Core.Editor.dll
[871/952    0s] CopyFiles Library/ScriptAssemblies/Unity.GraphAuthoring.Editor.pdb
[872/952    0s] CopyFiles Library/ScriptAssemblies/Unity.GraphAuthoring.Editor.dll
[873/952    0s] CopyFiles Library/ScriptAssemblies/Unity.AI.Navigation.Editor.ConversionSystem.dll
[874/952    0s] CopyFiles Library/ScriptAssemblies/Unity.AI.Navigation.Editor.ConversionSystem.pdb
[875/952    0s] CopyFiles Library/ScriptAssemblies/Unity.RenderPipelines.GPUDriven.Runtime.pdb
[876/952    0s] CopyFiles Library/ScriptAssemblies/Unity.AI.Navigation.Updater.pdb
[877/952    0s] CopyFiles Library/ScriptAssemblies/Unity.AI.Navigation.Updater.dll
[878/952    0s] CopyFiles Library/ScriptAssemblies/Unity.InternalAPIEngineBridge.RenderPipelines.Core.Editor.dll
[879/952    0s] CopyFiles Library/ScriptAssemblies/Unity.InternalAPIEngineBridge.RenderPipelines.Core.Editor.pdb
[880/952    0s] CopyFiles Library/ScriptAssemblies/Unity.PerformanceTesting.Editor.dll
[881/952    0s] CopyFiles Library/ScriptAssemblies/Unity.PerformanceTesting.Editor.pdb
[882/952    0s] CopyFiles Library/ScriptAssemblies/UnityEditor.TestRunner.dll
[883/952    0s] CopyFiles Library/ScriptAssemblies/UnityEditor.TestRunner.pdb
[884/952    0s] CopyFiles Library/ScriptAssemblies/Unity.VisualScripting.Shared.Editor.pdb
[885/952    0s] CopyFiles Library/ScriptAssemblies/Unity.VisualScripting.Shared.Editor.dll
[886/952    0s] CopyFiles Library/ScriptAssemblies/Unity.CollabProxy.Editor.dll
[887/952    0s] CopyFiles Library/ScriptAssemblies/Unity.CollabProxy.Editor.pdb
[888/952    0s] CopyFiles Library/ScriptAssemblies/Unity.InputSystem.DocCodeSamples.dll
[889/952    0s] CopyFiles Library/ScriptAssemblies/Unity.InputSystem.DocCodeSamples.pdb
[890/952    0s] CopyFiles Library/ScriptAssemblies/Unity.PlasticSCM.Editor.Entities.dll
[891/952    0s] CopyFiles Library/ScriptAssemblies/Unity.PlasticSCM.Editor.Entities.pdb
[892/952    0s] CopyFiles Library/ScriptAssemblies/Unity.ShaderGraph.Utilities.pdb
[893/952    0s] CopyFiles Library/ScriptAssemblies/Unity.ShaderGraph.Utilities.dll
[894/952    0s] CopyFiles Library/ScriptAssemblies/UnityEditor.UI.pdb
[895/952    0s] CopyFiles Library/ScriptAssemblies/UnityEditor.UI.dll
[896/952    0s] CopyFiles Library/ScriptAssemblies/Unity.SurfaceCache.Runtime.pdb
[897/952    0s] CopyFiles Library/ScriptAssemblies/UnityEditor.UI.Analytics.pdb
[898/952    0s] CopyFiles Library/ScriptAssemblies/UnityEditor.UI.Analytics.dll
[899/952    0s] CopyFiles Library/ScriptAssemblies/Unity.VisualScripting.SettingsProvider.Editor.pdb
[900/952    0s] CopyFiles Library/ScriptAssemblies/Unity.VisualScripting.SettingsProvider.Editor.dll
[901/952    0s] CopyFiles Library/ScriptAssemblies/Unity.InputSystem.ForUI.Editor.pdb
[902/952    0s] CopyFiles Library/ScriptAssemblies/Unity.InputSystem.ForUI.Editor.dll
[903/952    0s] CopyFiles Library/ScriptAssemblies/Unity.AI.Navigation.Editor.dll
[904/952    0s] CopyFiles Library/ScriptAssemblies/Unity.AI.Navigation.Editor.pdb
[905/952    0s] CopyFiles Library/ScriptAssemblies/Unity.Rendering.LightTransport.Editor.dll
[906/952    0s] CopyFiles Library/ScriptAssemblies/Unity.Rendering.LightTransport.Editor.pdb
[907/952    0s] CopyFiles Library/ScriptAssemblies/Unity.InternalAPIEditorBridge.ShaderGraph.Editor.dll
[908/952    0s] CopyFiles Library/ScriptAssemblies/Unity.InternalAPIEditorBridge.ShaderGraph.Editor.pdb
[909/952    0s] CopyFiles Library/ScriptAssemblies/Unity.PathTracing.Runtime.pdb
[910/952    0s] CopyFiles Library/ScriptAssemblies/Unity.Collections.Tests.CoreCLR.PublicJobPrivateGeneric.pdb
[911/952    0s] CopyFiles Library/ScriptAssemblies/Unity.RenderPipelines.Universal.Config.Runtime.pdb
[912/952    0s] CopyFiles Library/ScriptAssemblies/Unity.Collections.Editor.dll
[913/952    0s] CopyFiles Library/ScriptAssemblies/Unity.Collections.Editor.pdb
[914/952    0s] CopyFiles Library/ScriptAssemblies/Unity.RenderPipelines.Core.Runtime.pdb
[915/952    0s] CopyFiles Library/ScriptAssemblies/UnityEngine.UI.pdb
[916/952    0s] CopyFiles Library/ScriptAssemblies/Unity.Collections.Tests.CoreCLR.PrivateJobNested.pdb
[917/952    0s] CopyFiles Library/ScriptAssemblies/Unity.RenderPipelines.Core.Runtime.Shared.pdb
[918/952    0s] CopyFiles Library/ScriptAssemblies/Unity.RenderPipeline.Universal.ShaderLibrary.pdb
[919/952    0s] CopyFiles Library/ScriptAssemblies/Unity.VisualScripting.DocCodeExamples.pdb
[920/952    0s] CopyFiles Library/ScriptAssemblies/Unity.InputSystem.ForUI.pdb
[921/952    0s] CopyFiles Library/ScriptAssemblies/Unity.RenderPipelines.ShaderGraph.ShaderGraphLibrary.pdb
[922/952    0s] CopyFiles Library/ScriptAssemblies/Unity.Pipeline.Attributes.pdb
[923/952    0s] CopyFiles Library/ScriptAssemblies/Unity.VisualScripting.Flow.pdb
[924/952    0s] CopyFiles Library/ScriptAssemblies/Unity.InputSystem.pdb
[925/952    0s] CopyFiles Library/ScriptAssemblies/Unity.Pipeline.pdb
[926/952    0s] CopyFiles Library/ScriptAssemblies/Unity.AI.Navigation.pdb
[927/952    0s] CopyFiles Library/ScriptAssemblies/Unity.InputSystem.TestFramework.pdb
[928/952    0s] CopyFiles Library/ScriptAssemblies/Unity.RenderPipelines.Universal.Shaders.pdb
[929/952    0s] CopyFiles Library/ScriptAssemblies/UnityEngine.TestRunner.pdb
[930/952    0s] CopyFiles Library/ScriptAssemblies/Unity.Collections.pdb
[931/952    0s] CopyFiles Library/ScriptAssemblies/Unity.VisualScripting.Core.pdb
[932/952    0s] CopyFiles Library/ScriptAssemblies/Unity.Collections.Tests.CoreCLR.ProtectedJobNested.pdb
[933/952    0s] CopyFiles Library/ScriptAssemblies/Unity.TextMeshPro.pdb
[934/952    0s] CopyFiles Library/ScriptAssemblies/Unity.Timeline.pdb
[935/952    0s] CopyFiles Library/ScriptAssemblies/Unity.Collections.Tests.CoreCLR.InternalJobNestedPrivate.pdb
[936/952    0s] CopyFiles Library/ScriptAssemblies/Unity.InternalAPIEngineBridge.ObjectDispatcher.Runtime.pdb
[937/952    0s] CopyFiles Library/ScriptAssemblies/Unity.Profiling.Core.pdb
[938/952    0s] CopyFiles Library/ScriptAssemblies/Unity.VisualScripting.State.pdb
[939/952    0s] CopyFiles Library/ScriptAssemblies/Unity.InternalAPIEngineBridge.RenderPipelines.Core.Runtime.Shared.pdb
[940/952    0s] CopyFiles Library/ScriptAssemblies/Unity.InternalAPIEngineBridge.004.pdb
[941/952    0s] CopyFiles Library/ScriptAssemblies/Unity.Pipeline.IlInterpreter.pdb
[942/952    0s] CopyFiles Library/ScriptAssemblies/Unity.RenderPipelines.Core.ShaderLibrary.pdb
[943/952    0s] CopyFiles Library/ScriptAssemblies/Unity.PerformanceTesting.pdb
[944/952    0s] CopyFiles Library/ScriptAssemblies/Unity.UnifiedRayTracing.Runtime.pdb
[945/952    0s] CopyFiles Library/ScriptAssemblies/Unity.Burst.pdb
[946/952    0s] ILPostProcess Library/Bee/artifacts/200b0aE.dag/post-processed/Unity.PlasticSCM.Editor.Assistant.dll (+pdb)
Processing assembly Library/Bee/artifacts/200b0aE.dag/Unity.PlasticSCM.Editor.Assistant.dll, with 140 defines and 322 references
processors: Unity.Jobs.CodeGen.JobsILPostProcessor, Unity.Pipeline.CodeGen.CodeReloadInPlaceILPostProcessor, zzzUnity.Burst.CodeGen.BurstILPostProcessor
1 processor(s) skipped this assembly
running Unity.Jobs.CodeGen.JobsILPostProcessor
running Unity.Pipeline.CodeGen.CodeReloadInPlaceILPostProcessor
[947/952    0s] CopyFiles Library/ScriptAssemblies/Unity.PlasticSCM.Editor.Assistant.dll
[948/952    0s] CopyFiles Library/ScriptAssemblies/Unity.PlasticSCM.Editor.Assistant.pdb
[949/952    0s] ILPostProcess Library/Bee/artifacts/200b0aE.dag/post-processed/Unity.VisualScripting.Flow.Editor.dll (+pdb)
Processing assembly Library/Bee/artifacts/200b0aE.dag/Unity.VisualScripting.Flow.Editor.dll, with 142 defines and 325 references
processors: Unity.Jobs.CodeGen.JobsILPostProcessor, Unity.Pipeline.CodeGen.CodeReloadInPlaceILPostProcessor, zzzUnity.Burst.CodeGen.BurstILPostProcessor
1 processor(s) skipped this assembly
running Unity.Jobs.CodeGen.JobsILPostProcessor
running Unity.Pipeline.CodeGen.CodeReloadInPlaceILPostProcessor
[950/952    0s] CopyFiles Library/ScriptAssemblies/Unity.VisualScripting.Flow.Editor.pdb
[951/952    0s] CopyFiles Library/ScriptAssemblies/Unity.VisualScripting.Flow.Editor.dll
[952/952    0s] ILPostProcess Library/Bee/artifacts/200b0aE.dag/post-processed/Unity.VisualScripting.State.Editor.dll (+pdb)
Processing assembly Library/Bee/artifacts/200b0aE.dag/Unity.VisualScripting.State.Editor.dll, with 140 defines and 326 references
processors: Unity.Jobs.CodeGen.JobsILPostProcessor, Unity.Pipeline.CodeGen.CodeReloadInPlaceILPostProcessor, zzzUnity.Burst.CodeGen.BurstILPostProcessor
1 processor(s) skipped this assembly
running Unity.Jobs.CodeGen.JobsILPostProcessor
running Unity.Pipeline.CodeGen.CodeReloadInPlaceILPostProcessor
[953/952    0s] CopyFiles Library/ScriptAssemblies/Unity.VisualScripting.State.Editor.pdb
[954/952    0s] CopyFiles Library/ScriptAssemblies/Unity.VisualScripting.State.Editor.dll
[955/952    1s] ILPostProcess Library/Bee/artifacts/200b0aE.dag/post-processed/Unity.Pipeline.Editor.dll (+pdb)
Processing assembly Library/Bee/artifacts/200b0aE.dag/Unity.Pipeline.Editor.dll, with 140 defines and 324 references
processors: Unity.Jobs.CodeGen.JobsILPostProcessor, Unity.Pipeline.CodeGen.CodeReloadInPlaceILPostProcessor, zzzUnity.Burst.CodeGen.BurstILPostProcessor
1 processor(s) skipped this assembly
running Unity.Jobs.CodeGen.JobsILPostProcessor
running Unity.Pipeline.CodeGen.CodeReloadInPlaceILPostProcessor
[956/952    0s] CopyFiles Library/ScriptAssemblies/Unity.Pipeline.Editor.pdb
[957/952    0s] CopyFiles Library/ScriptAssemblies/Unity.Pipeline.Editor.dll
[958/952    1s] ILPostProcess Library/Bee/artifacts/200b0aE.dag/post-processed/Unity.PlasticSCM.Editor.dll (+pdb)
Processing assembly Library/Bee/artifacts/200b0aE.dag/Unity.PlasticSCM.Editor.dll, with 141 defines and 305 references
processors: Unity.Jobs.CodeGen.JobsILPostProcessor, Unity.Pipeline.CodeGen.CodeReloadInPlaceILPostProcessor, zzzUnity.Burst.CodeGen.BurstILPostProcessor
1 processor(s) skipped this assembly
running Unity.Jobs.CodeGen.JobsILPostProcessor
running Unity.Pipeline.CodeGen.CodeReloadInPlaceILPostProcessor
[959/952    0s] CopyFiles Library/ScriptAssemblies/Unity.PlasticSCM.Editor.pdb
[960/952    0s] CopyFiles Library/ScriptAssemblies/Unity.PlasticSCM.Editor.dll
[961/952    2s] Csc Library/Bee/artifacts/200b0aE.dag/Unity.RenderPipelines.Universal.Runtime.dll (+2 others)
[           0s] Csc Library/Bee/artifacts/200b0aE.dag/Unity.RenderPipelines.Universal.Runtime.dll (+2 others) [CacheWrite 004a33e9d910e19d20ae381e394550d500000000000000000000000000000006]
[962/952    2s] Csc Library/Bee/artifacts/200b0aE.dag/Unity.RenderPipelines.Core.Editor.dll (+2 others)
[           0s] Csc Library/Bee/artifacts/200b0aE.dag/Unity.RenderPipelines.Core.Editor.dll (+2 others) [CacheWrite 7ccf0a71603b5bcb99964b53a0e131d000000000000000000000000000000006]
[963/952    0s] MovedFromExtractor Library/Bee/artifacts/mvdfrm/Unity.RenderPipelines.Universal.Runtime.ref.dll_C4A720C3D568CE76.mvfrm
[964/952    0s] MovedFromExtractor Library/Bee/artifacts/mvdfrm/Unity.RenderPipelines.Core.Editor.ref.dll_57B051C6BAF6DF9D.mvfrm
[965/952    0s] MovedFromExtractor-Combine Library/Bee/artifacts/200b0aE.dag/Unity.RenderPipelines.Universal.2D.Runtime.dll.mvfrm
[966/952    0s] MovedFromExtractor-Combine Library/Bee/artifacts/200b0aE.dag/Unity.RenderPipelines.Core.Editor.Shared.dll.mvfrm
[967/952    0s] MovedFromExtractor-Combine Library/Bee/artifacts/200b0aE.dag/Unity.ShaderGraph.Editor.dll.mvfrm
[908/952    0s] Csc Library/Bee/artifacts/200b0aE.dag/Unity.RenderPipelines.Core.Editor.Shared.dll (+2 others) [CacheHit 3a3cd71a39d5cc1a491db7573c1fd77000000000000000000000000000000006]
[968/952    0s] Csc Library/Bee/artifacts/200b0aE.dag/Unity.RenderPipelines.Core.Editor.Shared.dll (+2 others)
[           0s] Csc Library/Bee/artifacts/200b0aE.dag/Unity.RenderPipelines.Universal.2D.Runtime.dll (+2 others) [CacheMiss 5ea83982de0ee4fee22e1bef6d19029e00000000000000000000000000000006]
[970/952    0s] MovedFromExtractor Library/Bee/artifacts/mvdfrm/Unity.RenderPipelines.Core.Editor.Shared.ref.dll_0A54E06D0D53005C.mvfrm
[910/952    0s] Csc Library/Bee/artifacts/200b0aE.dag/Unity.ShaderGraph.Editor.dll (+2 others) [CacheHit df21f0c1035fe1cbdf2e8ee4ffd3cd7300000000000000000000000000000006]
[971/952    0s] Csc Library/Bee/artifacts/200b0aE.dag/Unity.ShaderGraph.Editor.dll (+2 others)
[973/952    0s] MovedFromExtractor Library/Bee/artifacts/mvdfrm/Unity.ShaderGraph.Editor.ref.dll_BF69964832659484.mvfrm
[974/952    0s] ILPostProcess Library/Bee/artifacts/200b0aE.dag/post-processed/Unity.RenderPipelines.Core.Editor.Shared.dll (+pdb)
Processing assembly Library/Bee/artifacts/200b0aE.dag/Unity.RenderPipelines.Core.Editor.Shared.dll, with 140 defines and 328 references
processors: Unity.Jobs.CodeGen.JobsILPostProcessor, Unity.Pipeline.CodeGen.CodeReloadInPlaceILPostProcessor, zzzUnity.Burst.CodeGen.BurstILPostProcessor
1 processor(s) skipped this assembly
running Unity.Jobs.CodeGen.JobsILPostProcessor
running Unity.Pipeline.CodeGen.CodeReloadInPlaceILPostProcessor
[975/952    0s] CopyFiles Library/ScriptAssemblies/Unity.RenderPipelines.Core.Editor.Shared.pdb
[976/952    0s] CopyFiles Library/ScriptAssemblies/Unity.RenderPipelines.Core.Editor.Shared.dll
[977/952    0s] ILPostProcess Library/Bee/artifacts/200b0aE.dag/post-processed/Unity.RenderPipelines.Universal.Runtime.dll (+pdb)
Processing assembly Library/Bee/artifacts/200b0aE.dag/Unity.RenderPipelines.Universal.Runtime.dll, with 150 defines and 322 references
processors: Unity.Jobs.CodeGen.JobsILPostProcessor, Unity.Pipeline.CodeGen.CodeReloadInPlaceILPostProcessor, zzzUnity.Burst.CodeGen.BurstILPostProcessor
running Unity.Jobs.CodeGen.JobsILPostProcessor
running Unity.Pipeline.CodeGen.CodeReloadInPlaceILPostProcessor
running zzzUnity.Burst.CodeGen.BurstILPostProcessor
[978/952    0s] CopyFiles Library/ScriptAssemblies/Unity.RenderPipelines.Universal.Runtime.dll
[979/952    0s] CopyFiles Library/ScriptAssemblies/Unity.RenderPipelines.Universal.Runtime.pdb
[980/952    0s] Csc Library/Bee/artifacts/200b0aE.dag/Unity.RenderPipelines.Universal.2D.Runtime.dll (+2 others)
[981/952    0s] ILPostProcess Library/Bee/artifacts/200b0aE.dag/post-processed/Unity.RenderPipelines.Core.Editor.dll (+pdb)
Processing assembly Library/Bee/artifacts/200b0aE.dag/Unity.RenderPipelines.Core.Editor.dll, with 144 defines and 329 references
processors: Unity.Jobs.CodeGen.JobsILPostProcessor, Unity.Pipeline.CodeGen.CodeReloadInPlaceILPostProcessor, zzzUnity.Burst.CodeGen.BurstILPostProcessor
1 processor(s) skipped this assembly
running Unity.Jobs.CodeGen.JobsILPostProcessor
running Unity.Pipeline.CodeGen.CodeReloadInPlaceILPostProcessor
[982/952    0s] CopyFiles Library/ScriptAssemblies/Unity.RenderPipelines.Core.Editor.pdb
[983/952    0s] CopyFiles Library/ScriptAssemblies/Unity.RenderPipelines.Core.Editor.dll
[           0s] Csc Library/Bee/artifacts/200b0aE.dag/Unity.RenderPipelines.Universal.2D.Runtime.dll (+2 others) [CacheWrite 5ea83982de0ee4fee22e1bef6d19029e00000000000000000000000000000006]
[984/952    0s] MovedFromExtractor Library/Bee/artifacts/mvdfrm/Unity.RenderPipelines.Universal.2D.Runtime.ref.dll_D2CC97DA1342C9A4.mvfrm
[985/952    0s] MovedFromExtractor-Combine Library/Bee/artifacts/200b0aE.dag/Unity.RenderPipelines.Universal.2D.Editor.Overrides.dll.mvfrm
[986/952    0s] MovedFromExtractor-Combine Library/Bee/artifacts/200b0aE.dag/Unity.RenderPipelines.Universal.Editor.dll.mvfrm
[           0s] Csc Library/Bee/artifacts/200b0aE.dag/Unity.RenderPipelines.Universal.2D.Editor.Overrides.dll (+2 others) [CacheMiss 7a0e81a7b7d6dda71a4929409c474ce700000000000000000000000000000006]
[           0s] Csc Library/Bee/artifacts/200b0aE.dag/Unity.RenderPipelines.Universal.Editor.dll (+2 others) [CacheMiss 696d8def463e2f0bc3809230e777173500000000000000000000000000000006]
[987/952    0s] ILPostProcess Library/Bee/artifacts/200b0aE.dag/post-processed/Unity.ShaderGraph.Editor.dll (+pdb)
Processing assembly Library/Bee/artifacts/200b0aE.dag/Unity.ShaderGraph.Editor.dll, with 140 defines and 327 references
processors: Unity.Jobs.CodeGen.JobsILPostProcessor, Unity.Pipeline.CodeGen.CodeReloadInPlaceILPostProcessor, zzzUnity.Burst.CodeGen.BurstILPostProcessor
1 processor(s) skipped this assembly
running Unity.Jobs.CodeGen.JobsILPostProcessor
running Unity.Pipeline.CodeGen.CodeReloadInPlaceILPostProcessor
[988/952    0s] CopyFiles Library/ScriptAssemblies/Unity.ShaderGraph.Editor.pdb
[989/952    0s] CopyFiles Library/ScriptAssemblies/Unity.ShaderGraph.Editor.dll
[990/952    0s] Csc Library/Bee/artifacts/200b0aE.dag/Unity.RenderPipelines.Universal.2D.Editor.Overrides.dll (+2 others)
[           0s] Csc Library/Bee/artifacts/200b0aE.dag/Unity.RenderPipelines.Universal.2D.Editor.Overrides.dll (+2 others) [CacheWrite 7a0e81a7b7d6dda71a4929409c474ce700000000000000000000000000000006]
[991/952    0s] ILPostProcess Library/Bee/artifacts/200b0aE.dag/post-processed/Unity.RenderPipelines.Universal.2D.Runtime.dll (+pdb)
Processing assembly Library/Bee/artifacts/200b0aE.dag/Unity.RenderPipelines.Universal.2D.Runtime.dll, with 145 defines and 317 references
processors: Unity.Jobs.CodeGen.JobsILPostProcessor, Unity.Pipeline.CodeGen.CodeReloadInPlaceILPostProcessor, zzzUnity.Burst.CodeGen.BurstILPostProcessor
running Unity.Jobs.CodeGen.JobsILPostProcessor
running Unity.Pipeline.CodeGen.CodeReloadInPlaceILPostProcessor
running zzzUnity.Burst.CodeGen.BurstILPostProcessor
[992/952    0s] CopyFiles Library/ScriptAssemblies/Unity.RenderPipelines.Universal.2D.Runtime.dll
[993/952    0s] CopyFiles Library/ScriptAssemblies/Unity.RenderPipelines.Universal.2D.Runtime.pdb
[994/952    0s] MovedFromExtractor Library/Bee/artifacts/mvdfrm/Unity.RenderPipelines.Universal.2D.Editor.Overrides.ref.dll_04528BF7057A3010.mvfrm
[995/952    0s] ILPostProcess Library/Bee/artifacts/200b0aE.dag/post-processed/Unity.RenderPipelines.Universal.2D.Editor.Overrides.dll (+pdb)
Processing assembly Library/Bee/artifacts/200b0aE.dag/Unity.RenderPipelines.Universal.2D.Editor.Overrides.dll, with 141 defines and 329 references
processors: Unity.Jobs.CodeGen.JobsILPostProcessor, Unity.Pipeline.CodeGen.CodeReloadInPlaceILPostProcessor, zzzUnity.Burst.CodeGen.BurstILPostProcessor
1 processor(s) skipped this assembly
running Unity.Jobs.CodeGen.JobsILPostProcessor
running Unity.Pipeline.CodeGen.CodeReloadInPlaceILPostProcessor
[996/952    0s] CopyFiles Library/ScriptAssemblies/Unity.RenderPipelines.Universal.2D.Editor.Overrides.dll
[997/952    0s] CopyFiles Library/ScriptAssemblies/Unity.RenderPipelines.Universal.2D.Editor.Overrides.pdb
[998/952    1s] Csc Library/Bee/artifacts/200b0aE.dag/Unity.RenderPipelines.Universal.Editor.dll (+2 others)
[           0s] Csc Library/Bee/artifacts/200b0aE.dag/Unity.RenderPipelines.Universal.Editor.dll (+2 others) [CacheWrite 696d8def463e2f0bc3809230e777173500000000000000000000000000000006]
[999/952    0s] MovedFromExtractor Library/Bee/artifacts/mvdfrm/Unity.RenderPipelines.Universal.Editor.ref.dll_7BE565C70AE586E5.mvfrm
[1000/952   0s] MovedFromExtractor-Combine Library/Bee/artifacts/200b0aE.dag/Assembly-CSharp.dll.mvfrm
[1001/952   0s] MovedFromExtractor-Combine Library/Bee/artifacts/200b0aE.dag/Assembly-CSharp-Editor.dll.mvfrm
[1002/952   0s] ILPostProcess Library/Bee/artifacts/200b0aE.dag/post-processed/Unity.RenderPipelines.Universal.Editor.dll (+pdb)
Processing assembly Library/Bee/artifacts/200b0aE.dag/Unity.RenderPipelines.Universal.Editor.dll, with 144 defines and 333 references
processors: Unity.Jobs.CodeGen.JobsILPostProcessor, Unity.Pipeline.CodeGen.CodeReloadInPlaceILPostProcessor, zzzUnity.Burst.CodeGen.BurstILPostProcessor
1 processor(s) skipped this assembly
running Unity.Jobs.CodeGen.JobsILPostProcessor
running Unity.Pipeline.CodeGen.CodeReloadInPlaceILPostProcessor
[1003/952   0s] CopyFiles Library/ScriptAssemblies/Unity.RenderPipelines.Universal.Editor.pdb
[1004/952   0s] CopyFiles Library/ScriptAssemblies/Unity.RenderPipelines.Universal.Editor.dll
[1005/952   0s] Csc Library/Bee/artifacts/200b0aE.dag/Assembly-CSharp.dll (+2 others)
[1006/952   0s] ILPostProcess Library/Bee/artifacts/200b0aE.dag/post-processed/Assembly-CSharp.dll (+pdb)
Processing assembly Library/Bee/artifacts/200b0aE.dag/Assembly-CSharp.dll, with 142 defines and 362 references
processors: Unity.Jobs.CodeGen.JobsILPostProcessor, Unity.Pipeline.CodeGen.CodeReloadInPlaceILPostProcessor, zzzUnity.Burst.CodeGen.BurstILPostProcessor
1 processor(s) skipped this assembly
running Unity.Jobs.CodeGen.JobsILPostProcessor
running Unity.Pipeline.CodeGen.CodeReloadInPlaceILPostProcessor
[1007/952   0s] CopyFiles Library/ScriptAssemblies/Assembly-CSharp.dll
[1008/952   0s] CopyFiles Library/ScriptAssemblies/Assembly-CSharp.pdb
[1009/952   0s] Csc Library/Bee/artifacts/200b0aE.dag/Assembly-CSharp-Editor.dll (+2 others)
[1010/952   0s] ILPostProcess Library/Bee/artifacts/200b0aE.dag/post-processed/Assembly-CSharp-Editor.dll (+pdb)
Processing assembly Library/Bee/artifacts/200b0aE.dag/Assembly-CSharp-Editor.dll, with 140 defines and 385 references
processors: Unity.Jobs.CodeGen.JobsILPostProcessor, Unity.Pipeline.CodeGen.CodeReloadInPlaceILPostProcessor, zzzUnity.Burst.CodeGen.BurstILPostProcessor
1 processor(s) skipped this assembly
running Unity.Jobs.CodeGen.JobsILPostProcessor
running Unity.Pipeline.CodeGen.CodeReloadInPlaceILPostProcessor
[1011/952   0s] CopyFiles Library/ScriptAssemblies/Assembly-CSharp-Editor.pdb
[1012/952   0s] CopyFiles Library/ScriptAssemblies/Assembly-CSharp-Editor.dll
*** Tundra build success (16.07 seconds), 890 items updated, 952 evaluated
Total cache size 72725276
Total cache size after purge 72725276, took 00:00:00.0572775
AssetDatabase: script compilation time: 18.360998s
<CFData 0x91435e0d0 [0x1f1829308]>{length = 6, capacity = 6, bytes = 0x8c7aaaf35d38}
Begin MonoManager ReloadAssembly
Symbol file LoadedFromMemory is not a mono symbol file
'Packages/com.unity.render-pipelines.core/Editor/Deprecated.cs' contains partial class of Unity.Object, exactly 1 of the partial classes needs to be in a file with the same filename. This is to know the one that can be referenced from ie. GameObjects
'Packages/com.unity.render-pipelines.core/Editor/Deprecated.cs' contains partial class of Unity.Object, exactly 1 of the partial classes needs to be in a file with the same filename. This is to know the one that can be referenced from ie. GameObjects
Importing 'GUID: 00000000000000004000000000000000 - Path: ProjectSettings/ProjectSettings.asset' with importer (LibraryAssetImporter)
Imported 'GUID: 00000000000000004000000000000000' -> (Import Result ID: '6506bab483dd8bb51a3884470f521b6c') in 0.037 seconds [static dependencies only]. Details - ImportResultOutputID=054c890a8f4b6dddbea933bc5e4b7df4 DependenciesID=f19058106b89f2223385cda783304ee2 StaticDependenciesID=27aec19ad8d63ae0918e8b7647a1408d 
Importing 'GUID: 03921e6e010553a37b884e2b68ea23bc - Path: Packages/com.unity.pipeline' with importer (DefaultImporter)
Imported 'GUID: 03921e6e010553a37b884e2b68ea23bc' -> (Import Result ID: '687ff88f62568a15ecc79e7a8359a86b') in 0.005 seconds [static dependencies only]. Details - ImportResultOutputID=a2fffc6db1d5125d323c530159d16f6a DependenciesID=b313ed567bd8d0d4390d4fde77e2d49f StaticDependenciesID=26df3561aa0eab78cc7fbeb5e794620b 
Importing 'GUID: a5a20a36fab5ed4fc023d92d2ac579fb - Path: Packages/com.unity.nuget.newtonsoft-json' with importer (DefaultImporter)
Imported 'GUID: a5a20a36fab5ed4fc023d92d2ac579fb' -> (Import Result ID: '3595a84b1bb6baf721f54a6b5e9f2ff8') in 0.001 seconds [static dependencies only]. Details - ImportResultOutputID=a786190349ce643b4917b7738d7f95e9 DependenciesID=517f0f75f26219e9eec8770f8ad8feff StaticDependenciesID=41c3ddc70981c645543832ca807d1665 
Importing 'GUID: 0c5173b05a68242c99462a113c4ae042 - Path: Assets/Editor' with importer (DefaultImporter)
Imported 'GUID: 0c5173b05a68242c99462a113c4ae042' -> (Import Result ID: '3cb56c49e66087daf5bf5f0cac53d342') in 0.006 seconds [static dependencies only]. Details - ImportResultOutputID=3af9b89765a07f049ff13ace0caa141a DependenciesID=4052b60d6f7608188da282bbe790240c StaticDependenciesID=d2caff92bf540a7320f07495871ad23a 
Importing 'GUID: 005114723dbbd384bb5fe02db11a3b99 - Path: Packages/com.unity.pipeline/Tests' with importer (DefaultImporter)
Imported 'GUID: 005114723dbbd384bb5fe02db11a3b99' -> (Import Result ID: '15d246b1cea9c9c03472be06516e2bf6') in 0.001 seconds [static dependencies only]. Details - ImportResultOutputID=b4c77319582933dfc9e10362faf64038 DependenciesID=38b6365851f4001fdf0d80ea729fbb2e StaticDependenciesID=56d220f514d87dff58c38c40371ee8d0 
Importing 'GUID: 5144d7ecd5530424ab66f205802d8c9e - Path: Packages/com.unity.pipeline/Editor' with importer (DefaultImporter)
Imported 'GUID: 5144d7ecd5530424ab66f205802d8c9e' -> (Import Result ID: '78cb19dcc2ea09d1a56f262b8d08c08d') in 0.001 seconds [static dependencies only]. Details - ImportResultOutputID=93978261a004994dcfccbe72abd79361 DependenciesID=eb61de697acca6123c9a0801d9f52456 StaticDependenciesID=d4cc8567d42e5b041a38233f4ef8e697 
Importing 'GUID: a9bf7426ce9ccf4448467e47c849c567 - Path: Packages/com.unity.pipeline/Runtime' with importer (DefaultImporter)
Imported 'GUID: a9bf7426ce9ccf4448467e47c849c567' -> (Import Result ID: 'a1c086e1a0ae0147315094ce194578f6') in 0.001 seconds [static dependencies only]. Details - ImportResultOutputID=0a6ebe1e589504f63e2e49cc52b91c71 DependenciesID=f6cd78eaff197c182f2ff36c942b8f13 StaticDependenciesID=a7a43b057733f1e8a56fc9550353540b 
Importing 'GUID: 8b1d193bfb6e52d44975ae298a3c060a - Path: Packages/com.unity.pipeline/CodeGen' with importer (DefaultImporter)
Imported 'GUID: 8b1d193bfb6e52d44975ae298a3c060a' -> (Import Result ID: 'b0e7814846a9fc2a8e409478cca23dcb') in 0.001 seconds [static dependencies only]. Details - ImportResultOutputID=fd38d7c32e6c5f5cec9594a1bce0ac73 DependenciesID=b97c3bc0eda6a28130e14aa13ac31b86 StaticDependenciesID=e81f90f40223cd20df184d25d4dabda6 
Importing 'GUID: de1c7164adaf49d47b5de31c140713c9 - Path: Packages/com.unity.nuget.newtonsoft-json/Runtime' with importer (DefaultImporter)
Imported 'GUID: de1c7164adaf49d47b5de31c140713c9' -> (Import Result ID: '7f31ecc781ea153eb78527518acf3ca4') in 0.001 seconds [static dependencies only]. Details - ImportResultOutputID=fe6762db15afb32b6d18364173824662 DependenciesID=36379ea8bdae4311a9a5523ee7b33fea StaticDependenciesID=10e65b8f1fe7b82582df40f90deee53c 
Importing 'GUID: 114afe9c22f14d80babb5231767c7d61 - Path: Packages/com.unity.pipeline/Runtime/Telemetry' with importer (DefaultImporter)
Imported 'GUID: 114afe9c22f14d80babb5231767c7d61' -> (Import Result ID: '24270601c34b8bfda42c6efcc5be6533') in 0.000 seconds [static dependencies only]. Details - ImportResultOutputID=d9b66f7897cb7937e7577260e452b69a DependenciesID=270b67e5e2056d0829482a57f2088f25 StaticDependenciesID=6b21aa9b7371a2e5583f4da0c2d75887 
Importing 'GUID: 113bc2bcfe487eb469aa654e6718f78b - Path: Packages/com.unity.pipeline/Editor/Authoring' with importer (DefaultImporter)
Imported 'GUID: 113bc2bcfe487eb469aa654e6718f78b' -> (Import Result ID: '607cd11989c9299a7a7f27e1fc218988') in 0.000 seconds [static dependencies only]. Details - ImportResultOutputID=640e304cd68ba5fe25b7e339e75eafff DependenciesID=72cd58b27950fde35961bd51e141dd98 StaticDependenciesID=b208923d8188878207ace5510dcf2d23 
Importing 'GUID: 128b6cd5b150eb54e940418250b3ebf1 - Path: Packages/com.unity.pipeline/Runtime/IlInterpreter' with importer (DefaultImporter)
Imported 'GUID: 128b6cd5b150eb54e940418250b3ebf1' -> (Import Result ID: '70f3deed9211d910c4bc5a07ec2e0a94') in 0.000 seconds [static dependencies only]. Details - ImportResultOutputID=9aecbc2f99ecb4f5f1fd47e65c084aa2 DependenciesID=d195848c5c0fa36417f783af8e6c82c2 StaticDependenciesID=a7bc7c5cecfb9b23ccc092d3d171f233 
Importing 'GUID: 82f5df8360f126c468165c27ad56dd45 - Path: Packages/com.unity.pipeline/Tests/Runtime' with importer (DefaultImporter)
Imported 'GUID: 82f5df8360f126c468165c27ad56dd45' -> (Import Result ID: 'e7c0140f46da37d560814b4ec7bc8a97') in 0.000 seconds [static dependencies only]. Details - ImportResultOutputID=bd7ce7eebe2ed9e752ed18830a3c7c8e DependenciesID=ce1d842542ce281ca1c439e8f50cbaa3 StaticDependenciesID=65cf4b5b1e95d856217a724947a5e82a 
Importing 'GUID: a25774b4dfb214b4f8c39d802c589d7d - Path: Packages/com.unity.pipeline/Runtime/Plugins' with importer (DefaultImporter)
Imported 'GUID: a25774b4dfb214b4f8c39d802c589d7d' -> (Import Result ID: 'd72f2bea89be977a3d5d725c906dc22a') in 0.000 seconds [static dependencies only]. Details - ImportResultOutputID=0f24e4755cbd6c5e90a1b79eb32fe5bc DependenciesID=272863dacefc6c37312a1e671b70f441 StaticDependenciesID=b7ba30751b8a7f336e4ed0bb6a40f7ea 
Importing 'GUID: c29607a31a43d7149b8296de99b81d8e - Path: Packages/com.unity.pipeline/Runtime/CodeReload' with importer (DefaultImporter)
Imported 'GUID: c29607a31a43d7149b8296de99b81d8e' -> (Import Result ID: '759dd6fa5d46981a68f2d0638ce50fbe') in 0.000 seconds [static dependencies only]. Details - ImportResultOutputID=f6033f3578b0ad39d4d0796cf4b41ac0 DependenciesID=9fa730a48190f46ea4c1e216a35e9acc StaticDependenciesID=fe534d5f3fca04d7cc3405781eb977c0 
Importing 'GUID: 14f21d7a1e53a8c4e87b25526a7eb63c - Path: Packages/com.unity.nuget.newtonsoft-json/Runtime/AOT' with importer (DefaultImporter)
Imported 'GUID: 14f21d7a1e53a8c4e87b25526a7eb63c' -> (Import Result ID: 'c2128952c699f9943c0a258348aeb341') in 0.000 seconds [static dependencies only]. Details - ImportResultOutputID=1f008c909cc773631bd998f2d8d67f39 DependenciesID=4006d5ab5d965913da15a9f2696c47ae StaticDependenciesID=d4c10699f9429ec0b094dafb32da3e50 
Importing 'GUID: 257ad47737473da48b7569484405904e - Path: Packages/com.unity.pipeline/Runtime/Compilation' with importer (DefaultImporter)
Imported 'GUID: 257ad47737473da48b7569484405904e' -> (Import Result ID: '8a3c09971cff31488f3dc49d3590e6da') in 0.000 seconds [static dependencies only]. Details - ImportResultOutputID=04995b82b52d571bc9ae2612dd21ff83 DependenciesID=5ad63672efcd38948097aa26bab67f8b StaticDependenciesID=beab53f1251f812b2b069c86ef836f5c 
Importing 'GUID: e52bfc361c2ed7846a3c4c69b24828c5 - Path: Packages/com.unity.pipeline/Editor/Commands' with importer (DefaultImporter)
Imported 'GUID: e52bfc361c2ed7846a3c4c69b24828c5' -> (Import Result ID: '1e6887b1a679abf8322b09c87f8898dc') in 0.000 seconds [static dependencies only]. Details - ImportResultOutputID=521e77eb3587fe9bab3892e92dff50ea DependenciesID=76dac3047538fa2dfe65bfdddb93f2d6 StaticDependenciesID=d0b0cba101518cb5f51fe550ea99e5eb 
Importing 'GUID: 67704748e63416c4c959bd6de99b4c4f - Path: Packages/com.unity.pipeline/Runtime/Commands' with importer (DefaultImporter)
Imported 'GUID: 67704748e63416c4c959bd6de99b4c4f' -> (Import Result ID: '363c417aae4b0f0438b5b204a2849512') in 0.000 seconds [static dependencies only]. Details - ImportResultOutputID=9e8d4057cb1c1b06502aa291ced62cd2 DependenciesID=59afa20d7ec26cffa67f0a2ad54aec3f StaticDependenciesID=5b48a98dd99fea7620d3d2c523b28dda 
Importing 'GUID: 487c1aaaab92fe74884c8b7b0442128a - Path: Packages/com.unity.pipeline/Editor/Testing' with importer (DefaultImporter)
Imported 'GUID: 487c1aaaab92fe74884c8b7b0442128a' -> (Import Result ID: 'ce5117f609e16644e39cc07d4a9c595b') in 0.000 seconds [static dependencies only]. Details - ImportResultOutputID=4e95dcc5832c97418a30262b45e0c2b0 DependenciesID=42e963af2a4afd62d4d080928b8a9d94 StaticDependenciesID=a6010c8deed34b16dd1e1214b7b10c05 
Importing 'GUID: 68a343bc078aa5e459201276f7813b32 - Path: Packages/com.unity.pipeline/Runtime/Models' with importer (DefaultImporter)
Imported 'GUID: 68a343bc078aa5e459201276f7813b32' -> (Import Result ID: 'b8cb0a1d17d75ea0d79e7737b669b882') in 0.000 seconds [static dependencies only]. Details - ImportResultOutputID=ef18fdfb616f70421056ffeca4c528d7 DependenciesID=4fe45feaad8c678da290a2da29b3ea78 StaticDependenciesID=6a950510f2ca7a82e8d53f611bb74eff 
Importing 'GUID: 98aa20a2d767cba16cc6922b9e5bb32b - Path: Packages/com.unity.pipeline/Editor/Console' with importer (DefaultImporter)
Imported 'GUID: 98aa20a2d767cba16cc6922b9e5bb32b' -> (Import Result ID: '321cf21240f93d9a2b30589c30e1eb0e') in 0.000 seconds [static dependencies only]. Details - ImportResultOutputID=cadc1bc280cf5f112235d35c7812f461 DependenciesID=4710885dcc6f78a0fed43830d7c3e86f StaticDependenciesID=d292f89d9102e72d5884370c4b6d106b 
Importing 'GUID: a83ffb4c25f355a419ba91b8fc12ca48 - Path: Packages/com.unity.pipeline/Runtime/Analyzers' with importer (DefaultImporter)
Imported 'GUID: a83ffb4c25f355a419ba91b8fc12ca48' -> (Import Result ID: '966f9be35cbf28f1a7797c2598032d88') in 0.000 seconds [static dependencies only]. Details - ImportResultOutputID=b34d9eb319a68d58ee0fdbfbfbf8a85c DependenciesID=dba3683da1810a0d1d945853a7dd139a StaticDependenciesID=f2f4ea7dce96bfebfca94a8ccacea046 
Importing 'GUID: c9f4a11d82a4dd54d93200f6c3aa4678 - Path: Packages/com.unity.pipeline/Runtime/Common' with importer (DefaultImporter)
Imported 'GUID: c9f4a11d82a4dd54d93200f6c3aa4678' -> (Import Result ID: '32f16f27b9a8f332a31e7b775dcb035c') in 0.000 seconds [static dependencies only]. Details - ImportResultOutputID=701e0cd1cb50faeb7dff0eed7359ddaa DependenciesID=2fdb1dce25343457f88c0bedfbca8e98 StaticDependenciesID=fb65f0b134372ed788da3b7c34e44390 
Importing 'GUID: 4a339d7263cb1ac4f879d79c8e7fe3ca - Path: Packages/com.unity.pipeline/Runtime/PlayerSupport' with importer (DefaultImporter)
Imported 'GUID: 4a339d7263cb1ac4f879d79c8e7fe3ca' -> (Import Result ID: 'd3530b214735938b9b07565996535d48') in 0.000 seconds [static dependencies only]. Details - ImportResultOutputID=f7a206b53debdb705a3b447a1649692a DependenciesID=1eae7a9dce92be1a20360f39734c81e4 StaticDependenciesID=4d91ba3a3c4cf53fbc69d8cf175c4453 
Importing 'GUID: 6a4d02bf29da41d499ea151c638ee920 - Path: Packages/com.unity.pipeline/Editor/BuildProcessors' with importer (DefaultImporter)
Imported 'GUID: 6a4d02bf29da41d499ea151c638ee920' -> (Import Result ID: 'ed9f50bc5558c046b9e82e04e64c9bee') in 0.000 seconds [static dependencies only]. Details - ImportResultOutputID=d0aa271f08defb7b2163e49b509167fc DependenciesID=1a496146218dfe5edc9ac83e247aa7fc StaticDependenciesID=4cf9eaeed15c36b43723956640a5e9f7 
Importing 'GUID: 7c1f4a9e2b6d4c8f9a0e3d5b7c1a2f48 - Path: Packages/com.unity.pipeline/Runtime/Console' with importer (DefaultImporter)
Imported 'GUID: 7c1f4a9e2b6d4c8f9a0e3d5b7c1a2f48' -> (Import Result ID: '2d310ec4671f992176120cca3b4ba731') in 0.000 seconds [static dependencies only]. Details - ImportResultOutputID=2b64526cf1e2fa165aa6ccd3104d4d5a DependenciesID=550cb21035ef641e7aca05bb4f1c3db7 StaticDependenciesID=8217073a081383fd0703777f181b5dd2 
Importing 'GUID: 3da432e2a5ea462089d41e21aa49f59b - Path: Packages/com.unity.pipeline/Runtime/Attributes' with importer (DefaultImporter)
Imported 'GUID: 3da432e2a5ea462089d41e21aa49f59b' -> (Import Result ID: '95c353a6105fc0efc34df535e350630c') in 0.000 seconds [static dependencies only]. Details - ImportResultOutputID=6945bb4a7233064c9c8d2323c9b01efb DependenciesID=e9e7ccc68c7e541954dceb96537210b8 StaticDependenciesID=2f82e4365ec80dfe2796983c1903129b 
Importing 'GUID: 3ffa6a16c12a1a248884139af2530848 - Path: Packages/com.unity.pipeline/Tests/Editor' with importer (DefaultImporter)
Imported 'GUID: 3ffa6a16c12a1a248884139af2530848' -> (Import Result ID: '13b4a4e98a5153d3fec4399bcbc39a59') in 0.000 seconds [static dependencies only]. Details - ImportResultOutputID=5b4b831372db10bcd051a7b9f12c6d02 DependenciesID=9f2f3eef90c75e970253acec6e7e9f27 StaticDependenciesID=83bebefd25ae552930696627d35ac61f 
Importing 'GUID: 5003df84922d5344e879bfd0e9da0791 - Path: Packages/com.unity.pipeline/Tests/Editor/Models' with importer (DefaultImporter)
Imported 'GUID: 5003df84922d5344e879bfd0e9da0791' -> (Import Result ID: 'cc4b1438ec2a07c83f08db6956b82583') in 0.000 seconds [static dependencies only]. Details - ImportResultOutputID=b1180d82fd4fdd85510a00dba535e324 DependenciesID=74c47ccd6f138dfa3729f22fab299cff StaticDependenciesID=4a03108202437fb52d8b25b1242f3f27 
Importing 'GUID: d0162f98f4634f86a34be804961687d4 - Path: Packages/com.unity.pipeline/Tests/Editor/Scripts' with importer (DefaultImporter)
Imported 'GUID: d0162f98f4634f86a34be804961687d4' -> (Import Result ID: '2f3ef3a28222e9463083056cc6199790') in 0.000 seconds [static dependencies only]. Details - ImportResultOutputID=d57e040203172f25e0fdc88af2675912 DependenciesID=e29c9ecf60f4dd2bc1a3ac471d4f57f3 StaticDependenciesID=1493cf01db74168b1b44192bd7eca7de 
Importing 'GUID: 014d6925adce7c84bb3742e7557d8581 - Path: Packages/com.unity.pipeline/Runtime/Plugins/CodeAnalysis' with importer (DefaultImporter)
Imported 'GUID: 014d6925adce7c84bb3742e7557d8581' -> (Import Result ID: '99aae0706d15d1396588243b7aec1117') in 0.000 seconds [static dependencies only]. Details - ImportResultOutputID=27e91d49998bfa6bf408f0f78921b15c DependenciesID=3a43bc9419bcdfcae8eca56c83beb4e1 StaticDependenciesID=9eca6b4b2d02a5e2949eca8ce8cc371a 
Importing 'GUID: 31cd60e0286e77f4cb5baaaa7a3d6377 - Path: Packages/com.unity.pipeline/Editor/Commands/Navigation' with importer (DefaultImporter)
Imported 'GUID: 31cd60e0286e77f4cb5baaaa7a3d6377' -> (Import Result ID: 'e819ad41d3a29cd6c7a3b1ae9f154f85') in 0.000 seconds [static dependencies only]. Details - ImportResultOutputID=5a4af92a0db0d254cd0eeef030b2e1b9 DependenciesID=c12bf6671c690dd73615787dd94d7d85 StaticDependenciesID=2a8e4a3b346592efe43635a9d34c117a 
Importing 'GUID: b1199e288c0d0463f9711b95be4875cf - Path: Packages/com.unity.pipeline/Tests/Editor/ProjectAudit' with importer (DefaultImporter)
Imported 'GUID: b1199e288c0d0463f9711b95be4875cf' -> (Import Result ID: '16e784a344fcc080fc7c2f86c3d5f0e1') in 0.000 seconds [static dependencies only]. Details - ImportResultOutputID=b490a12f3c3cf75b8269ee25938c14fe DependenciesID=56119cc790e31d1bb87256e772dd853b StaticDependenciesID=3b1f1e2417924901570ab652bfdefb52 
Importing 'GUID: 6278d0a4a6ef4f61ad09ce2c552a593c - Path: Packages/com.unity.pipeline/Tests/Editor/Scenes' with importer (DefaultImporter)
Imported 'GUID: 6278d0a4a6ef4f61ad09ce2c552a593c' -> (Import Result ID: '36861f242cc9c0e417e6a6bf4435161c') in 0.000 seconds [static dependencies only]. Details - ImportResultOutputID=9f4687d53ed501ad03752a4a0bf0fbd8 DependenciesID=d12513d0f6895af6a28f4859752a7f51 StaticDependenciesID=a7227d2c9f25c0de856d9c5a7f4cf7a1 
Importing 'GUID: c2281ed89e8a4db9a14ec523905221f9 - Path: Packages/com.unity.pipeline/Editor/Commands/GameObjects' with importer (DefaultImporter)
Imported 'GUID: c2281ed89e8a4db9a14ec523905221f9' -> (Import Result ID: '8d97716d1c402b128697d8e4ff57c27d') in 0.001 seconds [static dependencies only]. Details - ImportResultOutputID=f7898817d8f25b39ce07f6ad154c8692 DependenciesID=477dbfdca2f96147e8f70d85e621e890 StaticDependenciesID=b0c646a84c8493dc3ab1bf4bb34cc19a 
Importing 'GUID: c4d83f412a414f419f97bac28b65f25b - Path: Packages/com.unity.pipeline/Editor/Commands/Scripts' with importer (DefaultImporter)
Imported 'GUID: c4d83f412a414f419f97bac28b65f25b' -> (Import Result ID: '95c531e1d816fadcf145aabf9cefd2cf') in 0.000 seconds [static dependencies only]. Details - ImportResultOutputID=209f833de1206dc8b284172173d5e913 DependenciesID=8a06b95d4c73c1bae7687ae1de319264 StaticDependenciesID=fc362bad5cc7beebd2ae76c7a3ddda85 
Importing 'GUID: 7571005014bc4727a0ef06b2056351a2 - Path: Packages/com.unity.pipeline/Tests/Editor/Assets' with importer (DefaultImporter)
Imported 'GUID: 7571005014bc4727a0ef06b2056351a2' -> (Import Result ID: 'd4a52b458e22cd18da2cb526add25b83') in 0.000 seconds [static dependencies only]. Details - ImportResultOutputID=9214772c97de37b7812bfaf5eb26da8b DependenciesID=738bac5a5879c11fad9575b0b175618a StaticDependenciesID=1d48597633847f7baa0bc68934d5447d 
Importing 'GUID: 7512e3b6952430f4b8fb5c67dd22f13f - Path: Packages/com.unity.pipeline/Editor/Commands/Authoring' with importer (DefaultImporter)
Imported 'GUID: 7512e3b6952430f4b8fb5c67dd22f13f' -> (Import Result ID: '435fd6d2f6ba5d7e8e90a221050f7818') in 0.000 seconds [static dependencies only]. Details - ImportResultOutputID=dc54a2a0448ebcb76c42db27ee76a92e DependenciesID=78afce4152cac98906a99dd26f08f51b StaticDependenciesID=97297faae012778a085047286a8aa18f 
Importing 'GUID: 758dc2e598a448e5b80e66443fede0d9 - Path: Packages/com.unity.pipeline/Editor/Commands/Baking' with importer (DefaultImporter)
Imported 'GUID: 758dc2e598a448e5b80e66443fede0d9' -> (Import Result ID: '72b391496568f9bf3b6ab821f04aa3f8') in 0.000 seconds [static dependencies only]. Details - ImportResultOutputID=6fbf735dc4a97994ea1953ad166dae9e DependenciesID=03afed4611ef79c46140094470021682 StaticDependenciesID=92bb30b8f67b9ff01425f41a95989ccf 
Importing 'GUID: a511f17b426c94dbb8b78d0869749d40 - Path: Packages/com.unity.pipeline/Editor/Commands/ProjectAudit' with importer (DefaultImporter)
Imported 'GUID: a511f17b426c94dbb8b78d0869749d40' -> (Import Result ID: '0d3040eae15eeeb43fae1fa7c68ce209') in 0.000 seconds [static dependencies only]. Details - ImportResultOutputID=8a36a88dbb2025120b68860fa1a2d8e3 DependenciesID=f89b1a25ab52dc70540c8577fff0584d StaticDependenciesID=aec367546971795fbbe68f819fb5d3f8 
Importing 'GUID: 072af61eb9075e54c81ceda87838da28 - Path: Packages/com.unity.pipeline/Tests/Editor/ServerLifecycle' with importer (DefaultImporter)
Imported 'GUID: 072af61eb9075e54c81ceda87838da28' -> (Import Result ID: '15c741608673e7d3a98ffe637e1a1cd4') in 0.000 seconds [static dependencies only]. Details - ImportResultOutputID=1a13c82c531f89533dbbe60df1a9f432 DependenciesID=62f5f7ba223c85d7b4fae3303b60d5b3 StaticDependenciesID=3fbd23dc8305bbe1b5c200dec9b1315b 
Importing 'GUID: 37da5c56100b4bf881a4907d63f35e3e - Path: Packages/com.unity.pipeline/Tests/Editor/Materials' with importer (DefaultImporter)
Imported 'GUID: 37da5c56100b4bf881a4907d63f35e3e' -> (Import Result ID: 'b1db4252bf76a4884e48a77806eabeee') in 0.000 seconds [static dependencies only]. Details - ImportResultOutputID=d8a0ffccee158c6ba9ba0eab287cba8c DependenciesID=83ef641e90de107f62748cf05586621e StaticDependenciesID=8a0ee432066ed35c5da576a302c69ecc 
Importing 'GUID: 87f4434ff2c6ed6419e6982345ffe0ef - Path: Packages/com.unity.pipeline/Editor/Commands/Capture' with importer (DefaultImporter)
Imported 'GUID: 87f4434ff2c6ed6419e6982345ffe0ef' -> (Import Result ID: 'a1e00b65edc96d72d9d3e108e820f2df') in 0.001 seconds [static dependencies only]. Details - ImportResultOutputID=d60fdbd2aa3084f8b26063117b8910ed DependenciesID=96f7fdd5611b273290e103167503fcaa StaticDependenciesID=39de50bdbb5d86809661e6ba1b2134f1 
Importing 'GUID: d7cf2e413ccd43f0b9dfb4db22c6cb29 - Path: Packages/com.unity.pipeline/Editor/Commands/Scenes' with importer (DefaultImporter)
Imported 'GUID: d7cf2e413ccd43f0b9dfb4db22c6cb29' -> (Import Result ID: '619766a02964e7885db244083ad5f7eb') in 0.000 seconds [static dependencies only]. Details - ImportResultOutputID=030c0e65af499919e5a3c17aa1d0007c DependenciesID=bb89c24b3a1ea988266cadcca66bf680 StaticDependenciesID=0d64b03cf1e46f01fa7beae11af31f5d 
Importing 'GUID: 4841c84bba2a471eb3fb429f79e3b118 - Path: Packages/com.unity.pipeline/Editor/Commands/Materials' with importer (DefaultImporter)
Imported 'GUID: 4841c84bba2a471eb3fb429f79e3b118' -> (Import Result ID: '94e99683ee99418dc0606def3d15da69') in 0.000 seconds [static dependencies only]. Details - ImportResultOutputID=43a974ac1dbfc61447a2d62fd6f23db6 DependenciesID=9914eb47500629ab8c95b75fb74abbf3 StaticDependenciesID=8373e7ac64d060260229eef60e736972 
Importing 'GUID: 78904b57e8ccbdd4d97f80bdd5e6da0c - Path: Packages/com.unity.pipeline/Tests/Editor/Observability' with importer (DefaultImporter)
Imported 'GUID: 78904b57e8ccbdd4d97f80bdd5e6da0c' -> (Import Result ID: '15885883cf7f0506eb42a73567e315de') in 0.000 seconds [static dependencies only]. Details - ImportResultOutputID=454a1c62559208d73e4ef056fd74e615 DependenciesID=75a7f673d4a201f8f1e5fd7dcd44520c StaticDependenciesID=3edc4a8fbdedb56882299bac4553707c 
Importing 'GUID: 881bcacc155b44229761a2e2b2917fae - Path: Packages/com.unity.pipeline/Editor/Commands/Animation' with importer (DefaultImporter)
Imported 'GUID: 881bcacc155b44229761a2e2b2917fae' -> (Import Result ID: 'e21329da223e11ac9a3e7e11255728e9') in 0.000 seconds [static dependencies only]. Details - ImportResultOutputID=db65663c9e18c4e7f23cf133e4678e8a DependenciesID=23c39d0c15b241e08f401edc56c6674b StaticDependenciesID=e90916dee771a28c9583565bb3889691 
Importing 'GUID: c864dee2ae2243ec85cfb70f0a70a1db - Path: Packages/com.unity.pipeline/Tests/Editor/Telemetry' with importer (DefaultImporter)
Imported 'GUID: c864dee2ae2243ec85cfb70f0a70a1db' -> (Import Result ID: '31dd379a0358305363a0aee605610256') in 0.000 seconds [static dependencies only]. Details - ImportResultOutputID=d4c217551623d6b981cd8d7a685ae10b DependenciesID=76da3c4c1cf8acb8f71bc172686ffd3b StaticDependenciesID=982ed0bf6aceaba720dc594048bc8baf 
Importing 'GUID: c83fc76f10b96db43a56fd1bbf79c646 - Path: Packages/com.unity.pipeline/Tests/Editor/Capture' with importer (DefaultImporter)
Imported 'GUID: c83fc76f10b96db43a56fd1bbf79c646' -> (Import Result ID: '827244c79150b4520d59948e0321af2f') in 0.000 seconds [static dependencies only]. Details - ImportResultOutputID=c6251ff2424727cf6ee3a3ef9992c37d DependenciesID=9ff5d0100b8fa6d16b66014cb9e149e7 StaticDependenciesID=ef2372d96bee541031453b0ae8cd7b8e 
Importing 'GUID: 19b35ca94314750468951c440b8ebec7 - Path: Packages/com.unity.pipeline/Tests/Editor/Navigation' with importer (DefaultImporter)
Imported 'GUID: 19b35ca94314750468951c440b8ebec7' -> (Import Result ID: '30f5c7857264efb1ee537db2a41bec3a') in 0.000 seconds [static dependencies only]. Details - ImportResultOutputID=84d51b205cef834c40e00e952e1ef589 DependenciesID=50ec2f8f0ff933da34ee8ab99339f280 StaticDependenciesID=728822482d3d8e38c7046497e61a657c 
Importing 'GUID: 39163f849a3aebd47a3f718fdc0224f9 - Path: Packages/com.unity.pipeline/Editor/Commands/Assets' with importer (DefaultImporter)
Imported 'GUID: 39163f849a3aebd47a3f718fdc0224f9' -> (Import Result ID: '4b0e45f2dd87db9a8c2c676a63b0fea7') in 0.000 seconds [static dependencies only]. Details - ImportResultOutputID=b3d4c87f71c1915c0d9eed23d47b653b DependenciesID=17fb01b2208b35d27c3b7914aa156d8f StaticDependenciesID=41cd4baec2bfb1c2fe099d881e62bf58 
Importing 'GUID: 497149ab4929cd34483ff611ce25534a - Path: Packages/com.unity.pipeline/Tests/Editor/Authoring' with importer (DefaultImporter)
Imported 'GUID: 497149ab4929cd34483ff611ce25534a' -> (Import Result ID: 'f9f278588136ce886eb11e428e2a5443') in 0.000 seconds [static dependencies only]. Details - ImportResultOutputID=aca8487e545e8b62da8b67266aca4b82 DependenciesID=ef0c218300441e83594b77af8ebd7a65 StaticDependenciesID=ccbe735b5eeed388ea4ec5520659c5be 
Importing 'GUID: 59542574499d40b3860f19141e64a8f8 - Path: Packages/com.unity.pipeline/Tests/Editor/Prefabs' with importer (DefaultImporter)
Imported 'GUID: 59542574499d40b3860f19141e64a8f8' -> (Import Result ID: '2442789f83f99383be3c267d8825d0bf') in 0.000 seconds [static dependencies only]. Details - ImportResultOutputID=805d7982f85df007d92853e355e32165 DependenciesID=193e7c4adcfe7cf941367917095f839a StaticDependenciesID=80270e371bcbd6c3b040bb433dd95481 
Importing 'GUID: 7a7cc3922a14b4741a17d985bb6be540 - Path: Packages/com.unity.pipeline/Editor/Commands/Observability' with importer (DefaultImporter)
Imported 'GUID: 7a7cc3922a14b4741a17d985bb6be540' -> (Import Result ID: '00d5c1cb9314ef8f96c3beffa0bd5c9b') in 0.000 seconds [static dependencies only]. Details - ImportResultOutputID=4da77ff012fc04e6191bdcd995b15ea5 DependenciesID=16335d38901cf3d4490ee83aa527c774 StaticDependenciesID=6ef06d9df90194950d13753975cadc28 
Importing 'GUID: 2b9ea99052584c228968a32f1c614458 - Path: Packages/com.unity.pipeline/Editor/Commands/Batch' with importer (DefaultImporter)
Imported 'GUID: 2b9ea99052584c228968a32f1c614458' -> (Import Result ID: '8bce267c21cb0dc69b7002d0f1afbb16') in 0.000 seconds [static dependencies only]. Details - ImportResultOutputID=3737259e05bb346c03e22eb6f910f21a DependenciesID=288721c5b3e8d4389e3038de21477160 StaticDependenciesID=3e2fff158f61e5487a2110b3a63780cb 
Importing 'GUID: 9d0b41445c16baf4ca9e5090b4e4ce17 - Path: Packages/com.unity.pipeline/Tests/Editor/E2E' with importer (DefaultImporter)
Imported 'GUID: 9d0b41445c16baf4ca9e5090b4e4ce17' -> (Import Result ID: '213bc84b917cb66e5544fc075c56c1ed') in 0.000 seconds [static dependencies only]. Details - ImportResultOutputID=01fb31018811d8e0f7c93f3d4f26886f DependenciesID=25b59d26487a4698a025cf3b8e89915f StaticDependenciesID=3d5e78010c92d164538146babf98cac0 
Importing 'GUID: bdb8ef5b0513b0d488ac3be1a9a77185 - Path: Packages/com.unity.pipeline/Editor/Commands/Build' with importer (DefaultImporter)
Imported 'GUID: bdb8ef5b0513b0d488ac3be1a9a77185' -> (Import Result ID: 'f08e7884fd1e30d61bfce87f45530c21') in 0.000 seconds [static dependencies only]. Details - ImportResultOutputID=a7bd70aacfcdbb8d124b380eeb061a3e DependenciesID=4697234cf7ca25d1d0a7d0f30d2721bf StaticDependenciesID=53125b31b06ce8408d4422102a7faad9 
Importing 'GUID: ddbcf4b2309b5fe4eb468f2437e44809 - Path: Packages/com.unity.pipeline/Tests/Editor/Console' with importer (DefaultImporter)
Imported 'GUID: ddbcf4b2309b5fe4eb468f2437e44809' -> (Import Result ID: 'b0be7f77735baf7781500b775476d291') in 0.000 seconds [static dependencies only]. Details - ImportResultOutputID=2cbd21de2bedd8acb936d331513f268d DependenciesID=14f1f47024f2f39a7dd547ec0a6265fe StaticDependenciesID=58f95db41b04845774b46420dcab2a10 
Importing 'GUID: fdbdf731f3ad41fca20634ebcf5f4d7e - Path: Packages/com.unity.pipeline/Editor/Commands/PackageManager' with importer (DefaultImporter)
Imported 'GUID: fdbdf731f3ad41fca20634ebcf5f4d7e' -> (Import Result ID: '9c0389abbf20eadc68800631ca0dccce') in 0.002 seconds [static dependencies only]. Details - ImportResultOutputID=87ed836cda2fc955aa1056dc04290df8 DependenciesID=3f7a25a97ed12eb29e0f622f7af68fa8 StaticDependenciesID=b7670937ea9f6ccfe2b603e16e11bca0 
Importing 'GUID: 1e6ed0649e884a59b7403a2f28a87644 - Path: Packages/com.unity.pipeline/Editor/Commands/Prefabs' with importer (DefaultImporter)
Imported 'GUID: 1e6ed0649e884a59b7403a2f28a87644' -> (Import Result ID: '59a4e804e0f93d8d1b85b32bf7a597ac') in 0.000 seconds [static dependencies only]. Details - ImportResultOutputID=4e9277d8a76982d373ca53f932d2c617 DependenciesID=19a85c68b8c971ff37d0edd7ae3dbab5 StaticDependenciesID=4ba1dd216a60b4f90f0fa1f55dd00ece 
Importing 'GUID: 5e5fd89f0ad042538cfef1bd87763a27 - Path: Packages/com.unity.pipeline/Tests/Editor/Baking' with importer (DefaultImporter)
Imported 'GUID: 5e5fd89f0ad042538cfef1bd87763a27' -> (Import Result ID: '535e634041f654c96e1902b94ce9f8ff') in 0.000 seconds [static dependencies only]. Details - ImportResultOutputID=d101d35121c919353ef5ae75cc725e7e DependenciesID=588b3355e8d4e6bfcc1ee0f6b4dc3c5c StaticDependenciesID=1dd4fb060213a3dde287f75562d0f1fd 
Importing 'GUID: de3774b0893944d8ac6871cbcaa631ab - Path: Packages/com.unity.pipeline/Tests/Editor/Animation' with importer (DefaultImporter)
Imported 'GUID: de3774b0893944d8ac6871cbcaa631ab' -> (Import Result ID: '4c99287eb905e2853d06495281fd108c') in 0.000 seconds [static dependencies only]. Details - ImportResultOutputID=63e5fdc82287fdf1b778d5eb9db2ffdc DependenciesID=ca18842773432df73a267a1adfc59266 StaticDependenciesID=b1fafa4696166a7276f2c2ce6b6c610c 
Importing 'GUID: 1f0ae5fba45d4e60a0bfc82f77f35069 - Path: Packages/com.unity.pipeline/Tests/Editor/Batch' with importer (DefaultImporter)
Imported 'GUID: 1f0ae5fba45d4e60a0bfc82f77f35069' -> (Import Result ID: '8a6cf65d2204555ed5642f4d220edd06') in 0.000 seconds [static dependencies only]. Details - ImportResultOutputID=d13ce0c9cf49691916f3bb5663cd72a9 DependenciesID=80bf2f523f5fc4a394fc62cc5453f9dd StaticDependenciesID=61a6999ee896281581fecfe0ff746b35 
Importing 'GUID: 8fe6d0edfccd2e8429890cf65cb7417c - Path: Packages/com.unity.pipeline/Editor/Commands/ProjectSettings' with importer (DefaultImporter)
Imported 'GUID: 8fe6d0edfccd2e8429890cf65cb7417c' -> (Import Result ID: 'e86195300f642e451251c6e8f000c8a7') in 0.000 seconds [static dependencies only]. Details - ImportResultOutputID=e762e41a8780ba272eeefd20e2d33ae2 DependenciesID=83c35e7105c3beebeb9eb82d2a29e915 StaticDependenciesID=0388c6e552a5099d74b63409e46f5b45 
Importing 'GUID: cfbbfdc51a7141dc947b6d4a3791cd67 - Path: Packages/com.unity.pipeline/Tests/Editor/GameObjects' with importer (DefaultImporter)
Imported 'GUID: cfbbfdc51a7141dc947b6d4a3791cd67' -> (Import Result ID: '6e76d7c436fc66c554101c3462af060f') in 0.000 seconds [static dependencies only]. Details - ImportResultOutputID=db8bfcd34a0c5a3f5358b1df21add71f DependenciesID=104452bcb0d9f83331b855601baa7417 StaticDependenciesID=046608b646b0432c5d85953ef823d6a9 
Importing 'GUID: 71e9815631ba2574b92564e93b8efc9c - Path: Packages/com.unity.pipeline/Runtime/Unity.Pipeline.asmdef' with importer (AssemblyDefinitionImporter)
Imported 'GUID: 71e9815631ba2574b92564e93b8efc9c' -> (Import Result ID: '237a9d812850a3a979697d8847d15fa8') in 0.001 seconds [static dependencies only]. Details - ImportResultOutputID=814ff747dc63e4637a83eb9d63c6ace4 DependenciesID=71fe090576970c4ddb0d3254fe87b914 StaticDependenciesID=398c6b7b9bdb0d112994763d33d9d9da 
Importing 'GUID: 3352b3594156b1b49bc408b732c23df5 - Path: Packages/com.unity.pipeline/Runtime/IlInterpreter/Unity.Pipeline.IlInterpreter.asmdef' with importer (AssemblyDefinitionImporter)
Imported 'GUID: 3352b3594156b1b49bc408b732c23df5' -> (Import Result ID: 'dbda9e54134424a01429ae09eedf10a6') in 0.001 seconds [static dependencies only]. Details - ImportResultOutputID=5b575fd62b22fe7145ca9cccb4595a31 DependenciesID=012b743a1acce3b31e0fca12514e7d1d StaticDependenciesID=059bb7c2037ce504f41c588e621fe869 
Importing 'GUID: a3ca9b2d97442e0499ea28b681f751d9 - Path: Packages/com.unity.pipeline/Editor/Unity.Pipeline.Editor.asmdef' with importer (AssemblyDefinitionImporter)
Imported 'GUID: a3ca9b2d97442e0499ea28b681f751d9' -> (Import Result ID: 'c7246951422b1452237a2683f4583e53') in 0.000 seconds [static dependencies only]. Details - ImportResultOutputID=a7c52bf826bff38e0405472e1973f39f DependenciesID=8fb3007c4a224509a6f8c9b813163a74 StaticDependenciesID=d99ea47a297167f57d7446db5cd2c3af 
Importing 'GUID: 74fd6218aa624d8458bbde685e04b0c6 - Path: Packages/com.unity.pipeline/Tests/Runtime/Unity.Pipeline.Tests.Runtime.asmdef' with importer (AssemblyDefinitionImporter)
Imported 'GUID: 74fd6218aa624d8458bbde685e04b0c6' -> (Import Result ID: 'f6cc556c9f8dc4c40549812ac41798af') in 0.001 seconds [static dependencies only]. Details - ImportResultOutputID=75717e7b62f0f26c82db7c848bff660c DependenciesID=67747309ccec436172e39be22960b914 StaticDependenciesID=c9e3838795c24566e29d14e55f901cc4 
Importing 'GUID: 4539cfcf2225a14488ccba7d2033eabe - Path: Packages/com.unity.pipeline/Tests/Editor/Unity.Pipeline.Tests.Editor.asmdef' with importer (AssemblyDefinitionImporter)
Imported 'GUID: 4539cfcf2225a14488ccba7d2033eabe' -> (Import Result ID: 'd3dff502a35038edb87e5bf4c733d184') in 0.001 seconds [static dependencies only]. Details - ImportResultOutputID=d7a95350b129b7e535c834c84685b61b DependenciesID=36eb420916573fd8c80554a0195b229e StaticDependenciesID=af1b2b257638724bc7e9a4b6d5075874 
Importing 'GUID: b522baaf20314499ba2deea8dd838496 - Path: Packages/com.unity.pipeline/Runtime/Attributes/Unity.Pipeline.Attributes.asmdef' with importer (AssemblyDefinitionImporter)
Imported 'GUID: b522baaf20314499ba2deea8dd838496' -> (Import Result ID: '42480c41cd2065e7f2cfb5beef6f0112') in 0.001 seconds [static dependencies only]. Details - ImportResultOutputID=b07a05a92885ce7b67cec8a15732b50c DependenciesID=86934b7cc6aea78f3ad5c1575bd6b651 StaticDependenciesID=7ca5b359fe79c593a8b7de9f054b9c47 
Importing 'GUID: 3d86918fcc1e40b8a17542a4bacf8dbc - Path: Packages/com.unity.pipeline/CodeGen/Unity.Pipeline.CodeGen.asmdef' with importer (AssemblyDefinitionImporter)
Imported 'GUID: 3d86918fcc1e40b8a17542a4bacf8dbc' -> (Import Result ID: '68672c90d78887b02809c1874797b2c4') in 0.000 seconds [static dependencies only]. Details - ImportResultOutputID=1ae97a22398d6c2e23847414b83c2a74 DependenciesID=21acd4333c56e9bc8a3b8a2d85bb5b79 StaticDependenciesID=65e468626add54e18ea2f490c1577809 
Refreshing native plugins compatible for Editor in 2.16 ms, found 2 plugins.
Native extension for OSXStandalone target not found
Native extension for WebGL target not found
Start HTTP server: port:7800
ScheduleIndexationOnStartup MainProcess:True IndexOnStartup:True
Scripting: successfully reloaded assembly
- Finished resetting the current domain, in  1.220 seconds
Domain Reload Profiling: 2123ms
	BeginReloadAssembly (234ms)
		DisableScriptedObjects (21ms)
		CreateAndSetChildDomain (50ms)
	RebuildCommonClasses (7ms)
	RebuildNativeTypeToScriptingClass (14ms)
	initialDomainReloadingComplete (60ms)
	LoadAllAssembliesAndSetupDomain (586ms)
		LoadAssemblies (303ms)
		TypeCache.Refresh (214ms)
			TypeCache.ScanAssembly (191ms)
		AnalyzeDomain (48ms)
			BuildScriptInfoCaches (41ms)
			ResolveRequiredComponents (6ms)
	FinalizeReload (1221ms)
		SetupLoadedEditorAssemblies (0ms)
			BeforeProcessingInitializeOnLoad (77ms)
			ProcessInitializeOnLoadAttributes (697ms)
			ProcessInitializeOnLoadMethodAttributes (47ms)
		AwakeInstancesAfterBackupRestoration (15ms)
Starting new worker id: 0 with log in /Users/wes/UniCore/Logs/AssetImportWorkerHW0.log
Importing 'GUID: cbc57dbad3c6f114d94ced75a1f9737d - Path: Packages/com.unity.pipeline/CODEOWNERS' with importer (DefaultImporter)
Imported 'GUID: cbc57dbad3c6f114d94ced75a1f9737d' -> (Import Result ID: '5ff4df4fe985a9b52d36de3bf4bd9dbb') in 0.003 seconds [static dependencies only]. Details - ImportResultOutputID=8404141bd3946e4b963454f46eee9d25 DependenciesID=47e4df6879f7585852cb76c88dc567d8 StaticDependenciesID=cb85f24c3bc388ea4963ce889c3b7e1c 
Importing 'GUID: 7d34f3cc1c0185b4990cf748e55a8688 - Path: Packages/com.unity.nuget.newtonsoft-json/Runtime/Newtonsoft.Json.pdb' with importer (DefaultImporter)
Imported 'GUID: 7d34f3cc1c0185b4990cf748e55a8688' -> (Import Result ID: '74f8ed25bbbf4f7ecdd5f086651291be') in 0.624 seconds [static dependencies only]. Details - ImportResultOutputID=a0dd6b672dbc1636ef3cb5fd8383b4ab DependenciesID=77c588be16425798f3a87992571b76a1 StaticDependenciesID=c19939e8c4c5e8ed7522893d42c91425 
Importing 'GUID: 1396f5bdc432cd247ac75b97a31e4d1a - Path: Packages/com.unity.nuget.newtonsoft-json/Runtime/AOT/Newtonsoft.Json.pdb' with importer (DefaultImporter)
Imported 'GUID: 1396f5bdc432cd247ac75b97a31e4d1a' -> (Import Result ID: '6d47373ece70ba4815b5aafafc7c047c') in 0.004 seconds [static dependencies only]. Details - ImportResultOutputID=69995d333011451f10bc43f284eb62db DependenciesID=b73296531138ae56fabe83ae472f22e4 StaticDependenciesID=057532221e48c49cebe5a35adaee63d8 
Importing 'GUID: b61d5dbe422f84644aa94e10778b9e94 - Path: Packages/com.unity.pipeline/Runtime/Plugins/CodeAnalysis/CHECKSUMS' with importer (DefaultImporter)
Imported 'GUID: b61d5dbe422f84644aa94e10778b9e94' -> (Import Result ID: '0ba17b17808ca5d4edb88d3705655985') in 0.001 seconds [static dependencies only]. Details - ImportResultOutputID=682ce5597a0ed7f2dc28a918174adab2 DependenciesID=635444ea06032cc6e9b36d349ab5ca9d StaticDependenciesID=824f83340131cca258fd78ee4d4da662 
Importing 'GUID: c07017e56bf04bf4992412964a20140c - Path: Packages/com.unity.pipeline/LICENSE.md' with importer (TextScriptImporter)
Imported 'GUID: c07017e56bf04bf4992412964a20140c' -> (Import Result ID: '7c052221d7863c06c3322747b13dd5c5') in 0.001 seconds [static dependencies only]. Details - ImportResultOutputID=5a88898f769bb5853dc1b07b9f666104 DependenciesID=235f13afe2dfd489bf83d4c809ec70b3 StaticDependenciesID=63a954d0a4e97af9c7d0725b885fad9f 
Importing 'GUID: 31c7851e2d2b498f938be27e1a7138a9 - Path: Packages/com.unity.pipeline/Third Party Notices.md' with importer (TextScriptImporter)
Imported 'GUID: 31c7851e2d2b498f938be27e1a7138a9' -> (Import Result ID: 'b4c8d66825bb8d27ec5dc627588ec459') in 0.001 seconds [static dependencies only]. Details - ImportResultOutputID=726aea799c733155e68f24e0cc5d325f DependenciesID=3a308053a51ebfc3c699f71af44d558b StaticDependenciesID=5ff3bdbfb12fb11f9844722e68231ea2 
Importing 'GUID: 51bd45ca4f0f28342a12f4b0c80e9f4f - Path: Packages/com.unity.nuget.newtonsoft-json/README.md' with importer (TextScriptImporter)
Imported 'GUID: 51bd45ca4f0f28342a12f4b0c80e9f4f' -> (Import Result ID: '2f70735fd5cc082ce8e234efa258c626') in 0.001 seconds [static dependencies only]. Details - ImportResultOutputID=cb412ed2c820538562167ff23c8dff6e DependenciesID=09000b10d246e41f0f9da8e9e67b5297 StaticDependenciesID=cd07f7f5f636a4b02d61efb237d25103 
Importing 'GUID: d1a2488a30b969941afb4af17c063ad3 - Path: Packages/com.unity.pipeline/README.md' with importer (TextScriptImporter)
Imported 'GUID: d1a2488a30b969941afb4af17c063ad3' -> (Import Result ID: '0409d7d4d3839e589491875134aee596') in 0.001 seconds [static dependencies only]. Details - ImportResultOutputID=c7d8a7b7b7955b2a2b929e46d966d4bb DependenciesID=50d96962f0aeb05ddfa563d408c3efd1 StaticDependenciesID=e6929288f0f524571d7caa79b179e2f5 
Importing 'GUID: 634480e645628f944b7b9ce8c0a3d70a - Path: Packages/com.unity.pipeline/package.json' with importer (PackageManifestImporter)
Imported 'GUID: 634480e645628f944b7b9ce8c0a3d70a' -> (Import Result ID: '75a6e627637b8cd0e8f44ff4fd2eaca0') in 0.001 seconds [static dependencies only]. Details - ImportResultOutputID=8c9b26c699f9a82a3b265d7b42bcac87 DependenciesID=3466d8773968f33aec3badbf2c463df9 StaticDependenciesID=951655439b18ad5ba7fdd60972022c4d 
Importing 'GUID: 24efe08f95549ab4699df4c1b55703e5 - Path: Packages/com.unity.nuget.newtonsoft-json/LICENSE.md' with importer (TextScriptImporter)
Imported 'GUID: 24efe08f95549ab4699df4c1b55703e5' -> (Import Result ID: 'd8eacc87ea2b9cbc71bbbead8b337e34') in 0.001 seconds [static dependencies only]. Details - ImportResultOutputID=37940af77dc19098ee94ac2bbeecd80a DependenciesID=b79c5b02b9e5c83d00dde3409cf72936 StaticDependenciesID=f834eadff454e8358bd2d40ac2d4054b 
Importing 'GUID: 6433e36ff8e1bc44fb3cde740ee86080 - Path: Packages/com.unity.pipeline/CLAUDE.md' with importer (TextScriptImporter)
Imported 'GUID: 6433e36ff8e1bc44fb3cde740ee86080' -> (Import Result ID: 'b03bbb9d7a746761e7af9a45fe679a03') in 0.001 seconds [static dependencies only]. Details - ImportResultOutputID=b368182e63942250928c318502766bdd DependenciesID=1a3488c227ae91ec350bd66fc3c6f942 StaticDependenciesID=0f8bd43999e102041e0dcdf617a94086 
Importing 'GUID: 9422d9b1fde3cf644b4a0dddd10a7348 - Path: Packages/com.unity.nuget.newtonsoft-json/Third Party Notices.md' with importer (TextScriptImporter)
Imported 'GUID: 9422d9b1fde3cf644b4a0dddd10a7348' -> (Import Result ID: 'a5e6dd85ae482e515f05d3f8491f237d') in 0.001 seconds [static dependencies only]. Details - ImportResultOutputID=c1ea3cd0b9fa7e3e603ec1037ceb6520 DependenciesID=d77e94b106acb02ac57793e7e056257e StaticDependenciesID=0184b4377f5f2bf67fb6db860275b073 
Importing 'GUID: 75cd0dccc034c6543afb4f969beca6af - Path: Packages/com.unity.pipeline/CHANGELOG.md' with importer (TextScriptImporter)
Imported 'GUID: 75cd0dccc034c6543afb4f969beca6af' -> (Import Result ID: 'e36be4dbe4c6719268450e155c10524a') in 0.001 seconds [static dependencies only]. Details - ImportResultOutputID=d6533b0b4d6b5a3677aa4ac5bd1ad6e6 DependenciesID=5872a6ef086430bd128683815c982e7e StaticDependenciesID=ac30f09e2ff7c8473c8d45e38b5adcf5 
Importing 'GUID: 16f24f695cc06684991baf4b1bc6ad22 - Path: Packages/com.unity.nuget.newtonsoft-json/CHANGELOG.md' with importer (TextScriptImporter)
Imported 'GUID: 16f24f695cc06684991baf4b1bc6ad22' -> (Import Result ID: '033524e2e4db16a459fae34e8b54b7df') in 0.001 seconds [static dependencies only]. Details - ImportResultOutputID=2c587b68571c2944afdd40ff66381675 DependenciesID=ca552a6ad0bcf03ec927a1f584c759c2 StaticDependenciesID=a9d1d8cd7c5452b57afa51acb360bee1 
Importing 'GUID: a8a90c35b04530c4f971aaef6fdf3612 - Path: Packages/com.unity.nuget.newtonsoft-json/link.xml' with importer (TextScriptImporter)
Imported 'GUID: a8a90c35b04530c4f971aaef6fdf3612' -> (Import Result ID: 'e370e857a02f36f54b7be8c75b941dcf') in 0.001 seconds [static dependencies only]. Details - ImportResultOutputID=c257b0f52d903cf07d8589f57132dc11 DependenciesID=d7b662077794a6987057fc4db57dc71d StaticDependenciesID=91b490bab81f6cc8e83a4d2466a3b499 
Importing 'GUID: f8d4e5c2f2df25449ae8c391afbe5114 - Path: Packages/com.unity.nuget.newtonsoft-json/package.json' with importer (PackageManifestImporter)
Imported 'GUID: f8d4e5c2f2df25449ae8c391afbe5114' -> (Import Result ID: 'b30403deeda61b55c29e1aec3c441d12') in 0.000 seconds [static dependencies only]. Details - ImportResultOutputID=743f87e78a5f112f0a39e3cbd7a28bfe DependenciesID=b4b9e306687269809a38990ec048c86d StaticDependenciesID=203dde2c326c9f123664d78e6ffdf577 
Importing 'GUID: 4c5640e415edbe342bbe339175268dfc - Path: Packages/com.unity.nuget.newtonsoft-json/Runtime/AOT/Newtonsoft.Json.xml' with importer (TextScriptImporter)
Imported 'GUID: 4c5640e415edbe342bbe339175268dfc' -> (Import Result ID: 'c89f02cb836c56353ff262afa8296edf') in 0.002 seconds [static dependencies only]. Details - ImportResultOutputID=77406d2893f8d3364547fd94d1484ea0 DependenciesID=be1c1dac25e63f2805076698936086c0 StaticDependenciesID=73a038991d2a92c30bbb061129560a42 
Importing 'GUID: fed01095b990a354289891ead909238f - Path: Packages/com.unity.nuget.newtonsoft-json/Runtime/Newtonsoft.Json.xml' with importer (TextScriptImporter)
Imported 'GUID: fed01095b990a354289891ead909238f' -> (Import Result ID: '2e3bede73d415e63c3afd7c958f80e1b') in 0.002 seconds [static dependencies only]. Details - ImportResultOutputID=46748013672dc4f197f57fc5422d1408 DependenciesID=fb3d395449562953aa6c4486b4bdb747 StaticDependenciesID=2a2bdd1bae0f8953e0317952c984d23e 
Launching external process: /Applications/Unity/Hub/Editor/6000.6.0f1/Unity.app/Contents/Helpers/UnityShaderCompiler
Launched and connected shader compiler UnityShaderCompiler after 0.05 seconds
Worker ready: AssetImportWorkerHW0 0
Launching external process: /Applications/Unity/Hub/Editor/6000.6.0f1/Unity.app/Contents/Helpers/UnityShaderCompiler
Launched and connected shader compiler UnityShaderCompiler after 0.06 seconds
Launching external process: /Applications/Unity/Hub/Editor/6000.6.0f1/Unity.app/Contents/Helpers/UnityShaderCompiler
Launched and connected shader compiler UnityShaderCompiler after 0.02 seconds
Launching external process: /Applications/Unity/Hub/Editor/6000.6.0f1/Unity.app/Contents/Helpers/UnityShaderCompiler
Launched and connected shader compiler UnityShaderCompiler after 0.02 seconds
No restricted APIs configured; Validation skipped.
Checking 10 assemblies for restricted APIs found 0 usage(s) in 16 ms
Launching external process: /Applications/Unity/Hub/Editor/6000.6.0f1/Unity.app/Contents/Helpers/UnityShaderCompiler
Launched and connected shader compiler UnityShaderCompiler after 0.02 seconds
Launching external process: /Applications/Unity/Hub/Editor/6000.6.0f1/Unity.app/Contents/Helpers/UnityShaderCompiler
Launched and connected shader compiler UnityShaderCompiler after 0.01 seconds
Launching external process: /Applications/Unity/Hub/Editor/6000.6.0f1/Unity.app/Contents/Helpers/UnityShaderCompiler
Launched and connected shader compiler UnityShaderCompiler after 0.02 seconds
Launching external process: /Applications/Unity/Hub/Editor/6000.6.0f1/Unity.app/Contents/Helpers/UnityShaderCompiler
Launched and connected shader compiler UnityShaderCompiler after 0.01 seconds
Importing 'GUID: 18dc0cd2c080841dea60987a38ce93fa - Path: Assets/Settings/UniversalRenderPipelineGlobalSettings.asset' with importer (NativeFormatImporter)
Imported 'GUID: 18dc0cd2c080841dea60987a38ce93fa' -> (Import Result ID: 'c84af68db1c13e8a5d09738d471ce4e4') in 0.012 seconds [static dependencies only]. Details - ImportResultOutputID=ac92a3253360087966dd104547753906 DependenciesID=8b0f946a22e04e5053f8ba81852d9a96 StaticDependenciesID=c88a0fd0ff6b1f24024063400b971410 
Loading style catalogs (8)
	StyleSheets/Extensions/base/common.uss
	UIPackageResources/StyleSheets/Default/Variables/Public/common.uss
	StyleSheets/Northstar/common.uss
	StyleSheets/Extensions/fonts/inter.uss
	StyleSheets/Extensions/base/dark.uss
	UIPackageResources/StyleSheets/Default/Northstar/Palette/dark.uss
	Packages/com.unity.timeline/Editor/StyleSheets/Extensions/dark.uss
	Packages/com.unity.timeline/Editor/StyleSheets/Extensions/common.uss

Asset Pipeline Refresh (id=03829866be3ff4ade9af89da05e7cc65): Total: 42.471 seconds - Initiated by InitialRefreshV2(ForceSynchronousImport)
	(Values over 0.05ms)
	Summary:
		Imports: total=96 (actual=92, local cache=4, cache server=0)
		Asset DB Process Time: managed=5 ms, native=3886 ms
		Asset DB Callback time: managed=446 ms, native=18665 ms
		Scripting: domain reloads=1, domain reload time=975 ms, compile time=18449 ms, other=41 ms
		Project Asset Count: scripts=1440, non-scripts=2334
		Asset File Changes: new=1005, changed=1903, moved=332, deleted=418
		Scan Filter Count: 3
	InvokePackagesCallback: 7338.454ms
	ApplyChangesToAssetFolders: 0.806ms
	Scan: 1385.425ms
	Collect global state as custom dependencies: 23.731ms
	OnSourceAssetsModified: 35.511ms
	CategorizeScriptCompilationAssets: 44.434ms
	ProcessAssetsWithTransientArtifactChanges: 65.893ms
	CategorizeAssets: 180.147ms
	CompileScripts: 18449.433ms
	ImportOutOfDateAssets: 2034.614ms (1233.054ms without children)
		ImportManagerImport: 785.408ms (4.719ms without children)
			UpdateCategorizedAssets: 0.517ms
		ReloadNativeAssets: 5.609ms
		UnloadImportedAssets: 3.584ms
		EnsureUptoDateAssetsAreRegisteredWithGuidPM: 1.542ms
		InitializingProgressBar: 1.518ms
		ImportSchedulerStart: 3.895ms
	PostProcessAllAssets: 12214.382ms
		ShaderAssetModifiedCallback 4303.954ms
		ComputeShaderImportPostprocess 88.342ms
		AssemblyValidation.PostprocessAllAssets 75.430ms
		RaytracingShaderImportPostprocess 5.764ms
		PostProcessCallbackCreateDeferredMaterials 5.176ms
		SpeedTreeImporter.PostprocessAllAssets 3.773ms
		VersionControlSettings.HiddenFilePostprocess 3.117ms
		LocalizationDatabase.AssetDatabasePostprocessCallback 2.190ms
		BlockShaderImporter.PostprocessAllAssets 1.317ms
		XRBuildSystem.XRAssetImported 0.246ms
		MonoPostProcessAllAssets: 493.243ms
			StyleCatalogPostProcessor.OnPostprocessAllAssets 73.191ms
			AssetPostprocessor.OnPostprocessAllAssets 1.731ms
			ShaderGraphAssetPostProcessor.OnPostprocessAllAssets 0.072ms
			AssetChangedListener.OnPostprocessAllAssets 0.067ms
	PostAssetChangesProfiler: 3.375ms
	GatherAllCurrentPrimaryImportResultRevisions: 2.668ms
	UnloadStreamsBegin: 3.760ms
	PersistCurrentRevisions: 0.558ms
	GenerateScriptTypeHashes: 1.282ms
	GenerateScriptTypeSerializationHashes: 2.298ms
	Untracked: 1135.491ms

Application.AssetDatabase Initial Refresh End
Shader Hidden/ChartRasterizerHardware is not supported: GPU does not support conservative rasterization
Scanning for USB devices : 0.417ms
Initializing Unity extensions:
[MODES] ModeService[none].Initialize
[MODES] ModeService[none].LoadModes
[MODES] Loading mode Default (0) for mode-current-id-UniCore
2026-09-16 11:14:26.874 Unity[16940:864293] NSEventModifierFlagFunction specified to -setKeyEquivalentModifierMask: for item <NSMenuItem: 0x9054bbde0 SDF, ke='Command-F12'>, but is only supported for system-provided menu items; will not be used
Opening scene 'Assets/Scenes/SampleScene.unity'
Unloading 104 Unused Serialized files (Serialized files now loaded: 0)
Loaded scene 'Assets/Scenes/SampleScene.unity'
	Deserialize:            3.112 ms
	Integration:            11.108 ms
	Integration of assets:  0.181 ms
	Thread Wait Time:       -0.162 ms
	Total Operation Time:   14.239 ms
Unloading 6988 unused Assets / (7.5 MB). Loaded Objects now: 7961.
Memory consumption went from 269.0 MB to 261.4 MB.
Total: 12.161417 ms (FindLiveObjects: 0.611208 ms CreateObjectMapping: 0.151042 ms MarkObjects: 6.752791 ms  DeleteObjects: 4.513458 ms)

[LAYOUT] About to load /Users/wes/Library/Preferences/Unity/Editor-5.x/Layouts/current/default-6000.dwlt, keepMainWindow=False
[LAYOUT] Removed un-parented EditorWindow while reading window layout window #13, type=UnityEditor.FallbackEditorWindow entityId=26514:256
[LAYOUT] About to save layout /Users/wes/UniCore/UserSettings/Layouts/default-6000.dwlt
[LAYOUT] About to save layout /Users/wes/Library/Preferences/Unity/Editor-5.x/Layouts/current/default-6000.dwlt
[MODES] ModeService[default].InitializeCurrentMode
[MODES] ModeService[default].RaiseModeChanged(default, default)
2026-09-16 11:14:27.771 Unity[16940:864293] NSEventModifierFlagFunction specified to -setKeyEquivalentModifierMask: for item <NSMenuItem: 0x9054b9400 SDF, ke='Command-F12'>, but is only supported for system-provided menu items; will not be used
[Project] Loading completed in 49.180 seconds ( ** New project created with template '/Applications/Unity/Hub/Editor/6000.6.0f1/Unity.app/Contents/Resources/PackageManager/ProjectTemplates/com.unity.template.urp-blank-17.2.1.tgz' ** )
	Project init time: 				47.879 seconds
		Template init time: 		0.718 seconds
		Package Manager init time: 		0.004 seconds
		Asset Database init time: 		2.624 seconds
		Global illumination init time: 	0.002 seconds
		Assemblies load time: 			1.396 seconds
		Unity extensions init time: 	0.012 seconds
		Asset Database refresh time: 	42.472 seconds
	Scene opening time: 			0.951 seconds
##utp:{"type":"ProjectInfo","version":2,"phase":"Immediate","time":1789550067802,"processId":16940,"projectLoad":49.180322458,"projectInit":47.878929792,"templateInit":0.717994,"packageManagerInit":0.003885916,"assetDatabaseInit":2.624343084,"globalIlluminationInit":0.00160275,"assembliesLoad":1.396413833,"unityExtensionsInit":0.012110667,"assetDatabaseRefresh":42.471989916,"sceneOpening":0.95094925}
##utp:{"type":"EditorInfo","version":2,"phase":"Immediate","time":1789550067802,"processId":16940,"editorVersion":"6000.6.0f1 (f7f8ed4d1e24)","branch":"6000.6/respin/6000.6.0f1-fa21a270ab12","buildType":"Release","platform":"OSX"}
Subscribe to USB device events
[MODES] ModeService[default].LoadModes
[Licensing::Client] Successfully resolved entitlement details
Start Indexing on Editor startup
[Indexing] Starting Initial Indexing for Assets
GPU Resident Drawer created.
GPU Resident Drawer disposed.
GPU Resident Drawer created.
Created GICache directory at /Users/wes/Library/Caches/com.unity3d.UnityEditor/GiCache. Took: 0.004s, timestamps: [49.199 - 49.202]
[Package Manager] Done resolving packages in 1.53 seconds
[Licensing::Client] Successfully resolved entitlement details
[Package Manager] Registered 61 packages:
  Packages from [https://packages.unity.com]:
    com.unity.ai.navigation@2.0.14 (location: /Users/wes/UniCore/Library/PackageCache/com.unity.ai.navigation@134dd6a3b97b)
    com.unity.collab-proxy@2.13.6 (location: /Users/wes/UniCore/Library/PackageCache/com.unity.collab-proxy@4628d2ba6ea4)
    com.unity.ide.rider@3.0.38 (location: /Users/wes/UniCore/Library/PackageCache/com.unity.ide.rider@1f60b3138684)
    com.unity.ide.visualstudio@2.0.26 (location: /Users/wes/UniCore/Library/PackageCache/com.unity.ide.visualstudio@a99d56dec63f)
    com.unity.inputsystem@1.20.0 (location: /Users/wes/UniCore/Library/PackageCache/com.unity.inputsystem@7a4e1a2a8194)
    com.unity.pipeline@0.7.0-exp.1 (location: /Users/wes/UniCore/Library/PackageCache/com.unity.pipeline@ab05e9cd7f74)
    com.unity.visualscripting@1.9.12 (location: /Users/wes/UniCore/Library/PackageCache/com.unity.visualscripting@4edfcc09512f)
    com.unity.nuget.mono-cecil@1.11.6 (location: /Users/wes/UniCore/Library/PackageCache/com.unity.nuget.mono-cecil@ecb9724e46ff)
    com.unity.nuget.newtonsoft-json@3.2.2 (location: /Users/wes/UniCore/Library/PackageCache/com.unity.nuget.newtonsoft-json@4dfd81071c64)
    com.unity.searcher@4.9.5 (location: /Users/wes/UniCore/Library/PackageCache/com.unity.searcher@a463122f2c00)
    com.unity.profiling.core@1.0.3 (location: /Users/wes/UniCore/Library/PackageCache/com.unity.profiling.core@8a49f7027d06)
  Built-in packages:
    com.unity.render-pipelines.universal@17.6.0 (location: /Users/wes/UniCore/Library/PackageCache/com.unity.render-pipelines.universal@8457e85b8184)
    com.unity.test-framework@1.8.0 (location: /Users/wes/UniCore/Library/PackageCache/com.unity.test-framework@7a3849e09bd0)
    com.unity.timeline@6.6.0 (location: /Users/wes/UniCore/Library/PackageCache/com.unity.timeline@281d5f7e7d7d)
    com.unity.ugui@2.6.0 (location: /Users/wes/UniCore/Library/PackageCache/com.unity.ugui@23caec89ae27)
    com.unity.modules.accessibility@1.0.0 (location: /Users/wes/UniCore/Library/PackageCache/com.unity.modules.accessibility)
    com.unity.modules.adaptiveperformance@1.0.0 (location: /Users/wes/UniCore/Library/PackageCache/com.unity.modules.adaptiveperformance)
    com.unity.modules.ai@1.0.0 (location: /Users/wes/UniCore/Library/PackageCache/com.unity.modules.ai)
    com.unity.modules.androidjni@1.0.0 (location: /Users/wes/UniCore/Library/PackageCache/com.unity.modules.androidjni)
    com.unity.modules.animation@1.0.0 (location: /Users/wes/UniCore/Library/PackageCache/com.unity.modules.animation)
    com.unity.modules.assetbundle@1.0.0 (location: /Users/wes/UniCore/Library/PackageCache/com.unity.modules.assetbundle)
    com.unity.modules.audio@1.0.0 (location: /Users/wes/UniCore/Library/PackageCache/com.unity.modules.audio)
    com.unity.modules.cloth@1.0.0 (location: /Users/wes/UniCore/Library/PackageCache/com.unity.modules.cloth)
    com.unity.modules.director@1.0.0 (location: /Users/wes/UniCore/Library/PackageCache/com.unity.modules.director)
    com.unity.modules.imageconversion@1.0.0 (location: /Users/wes/UniCore/Library/PackageCache/com.unity.modules.imageconversion)
    com.unity.modules.imgui@1.0.0 (location: /Users/wes/UniCore/Library/PackageCache/com.unity.modules.imgui)
    com.unity.modules.jsonserialize@1.0.0 (location: /Users/wes/UniCore/Library/PackageCache/com.unity.modules.jsonserialize)
    com.unity.modules.particlesystem@1.0.0 (location: /Users/wes/UniCore/Library/PackageCache/com.unity.modules.particlesystem)
    com.unity.modules.physics@1.0.0 (location: /Users/wes/UniCore/Library/PackageCache/com.unity.modules.physics)
    com.unity.modules.physics2d@1.0.0 (location: /Users/wes/UniCore/Library/PackageCache/com.unity.modules.physics2d)
    com.unity.modules.physicscore2d@1.0.0 (location: /Users/wes/UniCore/Library/PackageCache/com.unity.modules.physicscore2d)
    com.unity.modules.screencapture@1.0.0 (location: /Users/wes/UniCore/Library/PackageCache/com.unity.modules.screencapture)
    com.unity.modules.terrain@1.0.0 (location: /Users/wes/UniCore/Library/PackageCache/com.unity.modules.terrain)
    com.unity.modules.terrainphysics@1.0.0 (location: /Users/wes/UniCore/Library/PackageCache/com.unity.modules.terrainphysics)
    com.unity.modules.tetgen@1.0.0 (location: /Users/wes/UniCore/Library/PackageCache/com.unity.modules.tetgen)
    com.unity.modules.tilemap@1.0.0 (location: /Users/wes/UniCore/Library/PackageCache/com.unity.modules.tilemap)
    com.unity.modules.timelinefoundation@1.0.0 (location: /Users/wes/UniCore/Library/PackageCache/com.unity.modules.timelinefoundation)
    com.unity.modules.ui@1.0.0 (location: /Users/wes/UniCore/Library/PackageCache/com.unity.modules.ui)
    com.unity.modules.uielements@1.0.0 (location: /Users/wes/UniCore/Library/PackageCache/com.unity.modules.uielements)
    com.unity.modules.umbra@1.0.0 (location: /Users/wes/UniCore/Library/PackageCache/com.unity.modules.umbra)
    com.unity.modules.unityanalytics@1.0.0 (location: /Users/wes/UniCore/Library/PackageCache/com.unity.modules.unityanalytics)
    com.unity.modules.unitywebrequest@1.0.0 (location: /Users/wes/UniCore/Library/PackageCache/com.unity.modules.unitywebrequest)
    com.unity.modules.unitywebrequestassetbundle@1.0.0 (location: /Users/wes/UniCore/Library/PackageCache/com.unity.modules.unitywebrequestassetbundle)
    com.unity.modules.unitywebrequestaudio@1.0.0 (location: /Users/wes/UniCore/Library/PackageCache/com.unity.modules.unitywebrequestaudio)
    com.unity.modules.unitywebrequesttexture@1.0.0 (location: /Users/wes/UniCore/Library/PackageCache/com.unity.modules.unitywebrequesttexture)
    com.unity.modules.unitywebrequestwww@1.0.0 (location: /Users/wes/UniCore/Library/PackageCache/com.unity.modules.unitywebrequestwww)
    com.unity.modules.vectorgraphics@1.0.0 (location: /Users/wes/UniCore/Library/PackageCache/com.unity.modules.vectorgraphics)
    com.unity.modules.vehicles@1.0.0 (location: /Users/wes/UniCore/Library/PackageCache/com.unity.modules.vehicles)
    com.unity.modules.video@1.0.0 (location: /Users/wes/UniCore/Library/PackageCache/com.unity.modules.video)
    com.unity.modules.wind@1.0.0 (location: /Users/wes/UniCore/Library/PackageCache/com.unity.modules.wind)
    com.unity.modules.xr@1.0.0 (location: /Users/wes/UniCore/Library/PackageCache/com.unity.modules.xr)
    com.unity.modules.subsystems@1.0.0 (location: /Users/wes/UniCore/Library/PackageCache/com.unity.modules.subsystems)
    com.unity.modules.hierarchycore@1.0.0 (location: /Users/wes/UniCore/Library/PackageCache/com.unity.modules.hierarchycore)
    com.unity.ext.nunit@2.1.0 (location: /Users/wes/UniCore/Library/PackageCache/com.unity.ext.nunit@0198eae3b53e)
    com.unity.render-pipelines.core@17.6.0 (location: /Users/wes/UniCore/Library/PackageCache/com.unity.render-pipelines.core@2d66c71e606e)
    com.unity.shadergraph@17.6.0 (location: /Users/wes/UniCore/Library/PackageCache/com.unity.shadergraph@ef6135652377)
    com.unity.render-pipelines.universal-config@17.6.0 (location: /Users/wes/UniCore/Library/PackageCache/com.unity.render-pipelines.universal-config@561422b74439)
    com.unity.graph-authoring@1.0.0 (location: /Users/wes/UniCore/Library/PackageCache/com.unity.graph-authoring@cfd2588851ee)
    com.unity.burst@2.0.0 (location: /Users/wes/UniCore/Library/PackageCache/com.unity.burst@626e66ab421b)
    com.unity.collections@6.6.0 (location: /Users/wes/UniCore/Library/PackageCache/com.unity.collections@10fff0607388)
    com.unity.test-framework.performance@6.6.0 (location: /Users/wes/UniCore/Library/PackageCache/com.unity.test-framework.performance@0a60b857a52e)
[Subsystems] No new subsystems found in resolved package list.
[Package Manager] Done registering packages in 0.02 seconds
AcceleratorClientConnectionCallback - disconnected - :0
Importing 'GUID: 0000000000000000c000000000000000 - Path: ProjectSettings/EditorSettings.asset' with importer (LibraryAssetImporter)
Imported 'GUID: 0000000000000000c000000000000000' -> (Import Result ID: '7bda09bcf21d239609cee0ee0a13735f') in 0.009 seconds [static dependencies only]. Details - ImportResultOutputID=9bf1f3a6d7407228d033acb548d88253 DependenciesID=78d97dc7c176ad9a105c03ec28adfba0 StaticDependenciesID=ece369d0d153e1f976e6421ba1161f93 

Asset Pipeline Refresh (id=d583a844593204c7ea24f35ffe721fd5): Total: 1.847 seconds - Initiated by RefreshV2(ForceSynchronousImport)
	(Values over 0.05ms)
	Summary:
		Imports: total=1 (actual=1, local cache=0, cache server=0)
		Asset DB Process Time: managed=0 ms, native=231 ms
		Asset DB Callback time: managed=6 ms, native=1607 ms
		Scripting: domain reloads=0, domain reload time=0 ms, compile time=0 ms, other=0 ms
		Project Asset Count: scripts=1440, non-scripts=2334
		Asset File Changes: new=0, changed=1, moved=0, deleted=0
		Scan Filter Count: 1
	InvokePackagesCallback: 1603.300ms
	ApplyChangesToAssetFolders: 0.210ms
	Scan: 153.583ms
	Collect global state as custom dependencies: 0.396ms
	OnSourceAssetsModified: 1.021ms
	ProcessAssetsWithTransientArtifactChanges: 0.303ms
	CategorizeAssets: 41.314ms
	ImportOutOfDateAssets: 11.119ms (0.157ms without children)
		ImportManagerImport: 10.087ms (0.159ms without children)
		UnloadImportedAssets: 0.063ms
		EnsureUptoDateAssetsAreRegisteredWithGuidPM: 0.346ms
		ImportSchedulerStart: 0.423ms
	PostProcessAllAssets: 8.656ms
		XRBuildSystem.XRAssetImported 1.909ms
		PostProcessCallbackCreateDeferredMaterials 0.147ms
		MonoPostProcessAllAssets: 6.346ms
			ConfigAssetsTracker.OnPostprocessAllAssets 4.499ms
			AssetPostprocessor.OnPostprocessAllAssets 0.253ms
			ShaderGraphAssetPostProcessor.OnPostprocessAllAssets 0.234ms
			AssetChangedListener.OnPostprocessAllAssets 0.112ms
			SyncVS.PostprocessSyncProject 0.053ms
	PostAssetChangesProfiler: 1.597ms
	GatherAllCurrentPrimaryImportResultRevisions: 0.427ms
	UnloadStreamsBegin: 4.830ms
	PersistCurrentRevisions: 0.688ms
	Untracked: 17.455ms

Starting new worker id: 1 with log in /Users/wes/UniCore/Logs/AssetImportWorkerHW1.log
[Licensing::Client] Successfully resolved entitlement details
[ScriptCompilation] Requested script compilation because: AssetDatabase observed changes in script compilation related files
Asset Pipeline Refresh (id=a9ea3d24afa1f40df992e9ec2f98131a): Total: 0.110 seconds - Initiated by StopAssetImportingV2(NoUpdateAssetOptions)
Asset Pipeline Refresh (id=34daed657481b4ab2832dd41384b06b4): Total: 0.037 seconds - Initiated by StopAssetImportingV2(NoUpdateAssetOptions)
Starting: /Applications/Unity/Hub/Editor/6000.6.0f1/Unity.app/Contents/Resources/BuildPipeline/bee_backend --ipc --defer-dag-verification --dagfile="Library/Bee/200b0aE.dag" --continue-on-failure --profile="Library/Bee/backend1.traceevents" ScriptAssemblies
WorkingDir: /Users/wes/UniCore
[Licensing::Client] Successfully resolved entitlement details
ExitCode: 4 Duration: 0s206ms
Rebuilding DAG because FileSignature timestamp changed: Library/Bee/200b0aE-inputdata.json
*** Tundra requires additional run (0.17 seconds), 0 items updated, 0 evaluated
Starting: /Applications/Unity/Hub/Editor/6000.6.0f1/Unity.app/Contents/Resources/Scripting/DotNetSdk/dotnet "/Applications/Unity/Hub/Editor/6000.6.0f1/Unity.app/Contents/Resources/BuildPipeline/ScriptCompilationBuildProgram.exe" "Library/Bee/200b0aE.dag.json" "Library/Bee/200b0aE-inputdata.json" "Library/Bee/buildprogram0.traceevents"
WorkingDir: /Users/wes/UniCore
[Licensing::Client] Successfully updated the access token
[Licensing::Module] Successfully updated access token: "RI6RCcui"... (expires: 2026-09-16T10:23:11Z)
[Licensing::Client] Successfully resolved entitlement details
UPID Received 'fe469d13-06e5-4d2e-9585-b6a40f81ea63'.
ExitCode: 0 Duration: 1s617ms
Starting: /Applications/Unity/Hub/Editor/6000.6.0f1/Unity.app/Contents/Resources/BuildPipeline/bee_backend --ipc --defer-dag-verification --dagfile="Library/Bee/200b0aE.dag" --continue-on-failure --dagfilejson="Library/Bee/200b0aE.dag.json" --profile="Library/Bee/backend2.traceevents" ScriptAssemblies
WorkingDir: /Users/wes/UniCore
AcceleratorClientConnectionCallback - disconnected - :0
Importing 'GUID: 00000000000000004000000000000000 - Path: ProjectSettings/ProjectSettings.asset' with importer (LibraryAssetImporter)
Imported 'GUID: 00000000000000004000000000000000' -> (Import Result ID: '77d51bae0b6bc50dc3bc9e4ed25b8af6') in 0.007 seconds [static dependencies only]. Details - ImportResultOutputID=054c890a8f4b6dddbea933bc5e4b7df4 DependenciesID=25b944a5bb921a4eaa149456a0ea143f StaticDependenciesID=d5e2a8182495ce858eae2467eefacc66 
Importing 'GUID: 00000000000000009000000000000000 - Path: ProjectSettings/QualitySettings.asset' with importer (LibraryAssetImporter)
Imported 'GUID: 00000000000000009000000000000000' -> (Import Result ID: '8151b601d05d3e12de314c2aa1f82962') in 0.000 seconds [static dependencies only]. Details - ImportResultOutputID=2a108b3da874f726c62fbe5f12be4a8a DependenciesID=6180c49ef29638684367d2893c04e070 StaticDependenciesID=5b19720d9149525484b40148944c8e26 
Asset Pipeline Refresh (id=7fac2965bd0d84cc2a744af2cd5d2cda): Total: 0.072 seconds - Initiated by StopAssetImportingV2(NoUpdateAssetOptions)
Worker ready: AssetImportWorkerHW1 1
ExitCode: 0 Duration: 1s249ms
Finished compiling graph: 955 nodes, 20382 flattened edges (17272 ToBuild, 158 ToUse), maximum node priority 1059
[493/952    0s] WriteText Library/Bee/artifacts/200b0aE.dag/Assembly-CSharp-Editor.rsp
[725/952    0s] ILPP-Configuration Library/ilpp-configuration.nevergeneratedoutput
[948/952    0s] Csc Library/Bee/artifacts/200b0aE.dag/Assembly-CSharp-Editor.dll (+2 others)
[949/952    0s] ILPostProcess Library/Bee/artifacts/200b0aE.dag/post-processed/Assembly-CSharp-Editor.dll (+pdb)
Processing assembly Library/Bee/artifacts/200b0aE.dag/Assembly-CSharp-Editor.dll, with 140 defines and 385 references
processors: Unity.Jobs.CodeGen.JobsILPostProcessor, Unity.Pipeline.CodeGen.CodeReloadInPlaceILPostProcessor, zzzUnity.Burst.CodeGen.BurstILPostProcessor
1 processor(s) skipped this assembly
running Unity.Jobs.CodeGen.JobsILPostProcessor
running Unity.Pipeline.CodeGen.CodeReloadInPlaceILPostProcessor
[950/952    0s] CopyFiles Library/ScriptAssemblies/Assembly-CSharp-Editor.dll
[951/952    0s] CopyFiles Library/ScriptAssemblies/Assembly-CSharp-Editor.pdb
*** Tundra build success (1.23 seconds), 6 items updated, 952 evaluated
Total cache size 72725276
Reloading assemblies after finishing script compilation.
Total cache size after purge 72725276, took 00:00:00.0557126
Reloading assemblies after forced synchronous recompile.
Begin MonoManager ReloadAssembly
GPU Resident Drawer disposed.
Thread 0x429e87000 may have been prematurely finalized
Symbol file LoadedFromMemory is not a mono symbol file
Native extension for OSXStandalone target not found
Native extension for WebGL target not found
[MODES] ModeService[none].Initialize
[MODES] ModeService[none].LoadModes
2026-09-16 11:14:38.500 Unity[16940:864293] NSEventModifierFlagFunction specified to -setKeyEquivalentModifierMask: for item <NSMenuItem: 0x9054c9d60 SDF, ke='Command-F12'>, but is only supported for system-provided menu items; will not be used
Start HTTP server: port:7800
ScheduleIndexationOnStartup MainProcess:True IndexOnStartup:True
Scripting: successfully reloaded assembly
- Finished resetting the current domain, in  1.438 seconds
Domain Reload Profiling: 2283ms
	BeginReloadAssembly (419ms)
		DisableScriptedObjects (94ms)
		CreateAndSetChildDomain (127ms)
	RebuildCommonClasses (8ms)
	RebuildNativeTypeToScriptingClass (14ms)
	initialDomainReloadingComplete (61ms)
	LoadAllAssembliesAndSetupDomain (342ms)
		LoadAssemblies (127ms)
		TypeCache.Refresh (16ms)
		AnalyzeDomain (169ms)
			BuildScriptInfoCaches (160ms)
			ResolveRequiredComponents (7ms)
	FinalizeReload (1438ms)
		SetupLoadedEditorAssemblies (0ms)
			BeforeProcessingInitializeOnLoad (236ms)
			ProcessInitializeOnLoadAttributes (406ms)
			ProcessInitializeOnLoadMethodAttributes (44ms)
		AwakeInstancesAfterBackupRestoration (418ms)

Asset Pipeline Refresh (id=aea7fb49a002c45139feeae981ae2b22): Total: 2.560 seconds - Initiated by StopAssetImportingV2(ForceSynchronousImport | ForceDomainReload)
	(Values over 0.05ms)
	Summary:
		Imports: total=0 (actual=0, local cache=0, cache server=0)
		Asset DB Process Time: managed=0 ms, native=1658 ms
		Asset DB Callback time: managed=20 ms, native=0 ms
		Scripting: domain reloads=1, domain reload time=878 ms, compile time=2 ms, other=0 ms
		Project Asset Count: scripts=1439, non-scripts=2334
		Asset File Changes: new=0, changed=0, moved=0, deleted=0
		Scan Filter Count: 0
	InvokePackagesCallback: 1.080ms
	ApplyChangesToAssetFolders: 0.209ms
	Collect global state as custom dependencies: 1.432ms
	ProcessAssetsWithTransientArtifactChanges: 3.507ms
	CategorizeAssets: 48.188ms
	CompileScripts: 1.793ms
	ImportOutOfDateAssets: 1444.155ms (1441.162ms without children)
		CollectScriptTypesHashes: 3.126ms
		ReloadNativeAssets: 0.736ms
		UnloadImportedAssets: 1.382ms
		EnsureUptoDateAssetsAreRegisteredWithGuidPM: 0.504ms
		ImportSchedulerStart: 0.351ms
	PostProcessAllAssets: 20.781ms
		MonoPostProcessAllAssets: 20.780ms
			UniversalRenderPipelineGlobalSettingsPostprocessor.OnPostprocessAllAssets 10.432ms
			ConfigAssetsTracker.OnPostprocessAllAssets 1.939ms
			SpeedTree9Postprocessor.OnPostprocessAllAssets 1.045ms
			WindowAssetPostprocessingWatcher.OnPostprocessAllAssets 0.959ms
			EditModeScopePostprocessor.OnPostprocessAllAssets 0.537ms
			ProjectSettingsPostprocessor.OnPostprocessAllAssets 0.519ms
			RenderPipelineGlobalSettingsPostprocessor.OnPostprocessAllAssets 0.422ms
			ShaderReflectionAssetPostProcessor.OnPostprocessAllAssets 0.329ms
			AssetPostprocessor.OnPostprocessAllAssets 0.288ms
			ReferencedClipsPostProcessor.OnPostprocessAllAssets 0.168ms
			InputActionAssetPostprocessor.OnPostprocessAllAssets 0.160ms
			ShaderGraphAssetPostProcessor.OnPostprocessAllAssets 0.159ms
			AssetChangedListener.OnPostprocessAllAssets 0.096ms
			TerrainToolbarOverlayPostProcessor.OnPostprocessAllAssets 0.094ms
			AssetDatabaseCallbacks.OnPostprocessAllAssets 0.081ms
			SyncVS.PostprocessSyncProject 0.064ms
			AssetReloadNotifier.OnPostprocessAllAssets 0.063ms
	GatherAllCurrentPrimaryImportResultRevisions: 0.151ms
	PersistCurrentRevisions: 0.103ms
	GenerateScriptTypeHashes: 2.844ms
	GenerateScriptTypeSerializationHashes: 5.033ms
	Untracked: 1034.421ms

[Licensing::Client] Successfully resolved entitlement details
[Licensing::Client] Successfully resolved entitlement details
GPU Resident Drawer created.
MonoPathRemapper: Attempts to remap: 51959; Successful remaps: 26070
Thread 0x429c0b000 may have been prematurely finalized
Serialized file version minimum: 23, current 23
[LAYOUT] About to save layout /Users/wes/UniCore/UserSettings/Layouts/default-6000.dwlt
[LAYOUT] About to save layout /Users/wes/Library/Preferences/Unity/Editor-5.x/Layouts/current/default-6000.dwlt
Pipeline Server stopped
Importing 'GUID: 00000000000000009000000000000000 - Path: ProjectSettings/QualitySettings.asset' with importer (LibraryAssetImporter)
Imported 'GUID: 00000000000000009000000000000000' -> (Import Result ID: '8151b601d05d3e12de314c2aa1f82962') in 0.005 seconds [static dependencies only]. Details - ImportResultOutputID=2a108b3da874f726c62fbe5f12be4a8a DependenciesID=6180c49ef29638684367d2893c04e070 StaticDependenciesID=5b19720d9149525484b40148944c8e26 
Asset Pipeline Refresh (id=118324f84468f4b0e8de0febfcf70963): Total: 0.046 seconds - Initiated by StopAssetImportingV2(NoUpdateAssetOptions)
GPU Resident Drawer disposed.
Input System module state changed to: ShutdownInProgress.
Input Polling Thread exited.
Input System module state changed to: Shutdown.
Shutting down MSBuild server...
Shutting down VB/C# compiler server...
VB/C# compiler server shut down successfully.
MSBuild server shut down successfully.
Thread 0x17bdb7000 may have been prematurely finalized
Thread 0x17be43000 may have been prematurely finalized
Thread 0x17bd2b000 may have been prematurely finalized
Thread 0x17c073000 may have been prematurely finalized
Thread 0x17becf000 may have been prematurely finalized
Thread 0x17bfe7000 may have been prematurely finalized
Thread 0x17bf5b000 may have been prematurely finalized
[Physics::Module] Cleanup current backend.
[Physics::Module] Id: 0xf2b8ea05
[Licensing::IpcConnector] LicenseClient-wes-notifications channel disconnected successfully.
[Licensing::IpcConnector] LicenseClient-wes channel disconnected successfully.
Shut down UDS service system complete
Thread 0x17ffaf000 may have been prematurely finalized
Lingering sessions upon destruction of worker manager
Unity Data Store service was successfully shut down
UDS shutting down local client system
AcceleratorClientConnectionCallback - disconnected - :0
Cleanup mono
CodeReloadManager destroyed
debugger-agent: Unable to listen on 92
Checking for leaked weakptr:
  Found no leaked weakptrs.
[Package Manager] Server process was shutdown
##utp:{"type":"MemoryLeaks","version":2,"phase":"Immediate","time":1789550085795,"processId":16940,"allocatedMemory":14955556,"memoryLabels":[{"Default":383750},{"Permanent":15672},{"Thread":1056736},{"Manager":2328958},{"VertexData":8},{"Geometry":408},{"Texture":24},{"Shader":853701},{"Material":24},{"GfxDevice":42304},{"GfxThread":1920},{"Animation":968},{"Audio":1520},{"FreeType":8},{"FontEngine":736},{"Physics":2002},{"Physics2D":16},{"Serialization":16976},{"Input":43216},{"JobScheduler":448},{"TextLib":16569},{"Mono":56},{"MonoCode":144},{"ScriptingNativeRuntime":155024},{"BaseObject":49672},{"Resource":984},{"Renderer":2456},{"Transform":4693},{"File":10562},{"WebCam":32},{"Culling":32},{"Terrain":11346},{"Wind":24},{"String":1725099},{"StaticString":3808},{"Utility":2691200},{"PoolAlloc":2632},{"AI":80},{"TypeTree":197142},{"ScriptManager":18960},{"CodeReload":448},{"RuntimeInitializeOnLoadManager":64},{"Sprites":102},{"SpriteAtlas":120},{"GI":7240},{"Director":8288},{"CloudService":7872},{"WebRequest":6231},{"VR":49426},{"SceneManager":616},{"Video":2112},{"LazyScriptCache":32},{"NativeArray":1872},{"Camera":1177},{"Secure":9865},{"SerializationCache":9704},{"APIUpdating":10320},{"Subsystems":336},{"VirtualTexturing":57504},{"StaticSafetyDebugInfo":278528},{"Baselib":16},{"Analytics":568},{"Hierarchy":1492},{"UIElements":40},{"CoreStats":14536},{"Identifiers":7152},{"Gui":12976},{"EditorUtility":81129},{"VersionControl":8},{"Undo":939},{"AssetDatabase":4683196},{"AssetImporter":40},{"EditorGi":328},{"UnityConnect":36969},{"Upm":1788},{"UpmDiagnostics":8},{"AssetCompliance":96},{"DrivenProperties":72},{"HubClient":848},{"LocalIPC":202},{"ProfilerEditor":9738},{"CoreBusinessMetrics":3205},{"Windowing":416},{"Licensing":992},{"AssetReference":32},{"IPCStream":7003}]}
